-- Adminer 4.8.1 MySQL 8.0.31 dump

SET NAMES utf8;
SET time_zone = '+00:00';
SET foreign_key_checks = 0;
SET sql_mode = 'NO_AUTO_VALUE_ON_ZERO';

DROP TABLE IF EXISTS `ci_sessions`;
CREATE TABLE `ci_sessions` (
  `id` varchar(128) COLLATE utf8mb3_spanish2_ci NOT NULL,
  `ip_address` varchar(45) COLLATE utf8mb3_spanish2_ci NOT NULL,
  `timestamp` int unsigned NOT NULL DEFAULT '0',
  `data` blob NOT NULL,
  KEY `ci_sessions_timestamp` (`timestamp`)
) ENGINE=InnoDB DEFAULT CHARSET=utf8mb3 COLLATE=utf8mb3_spanish2_ci;

INSERT INTO `ci_sessions` (`id`, `ip_address`, `timestamp`, `data`) VALUES
('m21li8vvtnvbr6lq7b5brpsneb06ktbk',	'192.168.0.5',	1701888273,	'__ci_last_regenerate|i:1701888273;identity|s:13:\"administrador\";username|s:13:\"administrador\";email|s:15:\"admin@admin.com\";user_id|s:1:\"1\";old_last_login|s:10:\"1701880879\";last_check|i:1701888273;ion_auth_session_hash|s:40:\"6583d6c4f205998ecacc9f51b68a2a2e44ea0006\";'),
('b4po0go4c1cp5pr4muh0pm0jesbvesuo',	'192.168.0.5',	1701888649,	'__ci_last_regenerate|i:1701888649;identity|s:13:\"administrador\";username|s:13:\"administrador\";email|s:15:\"admin@admin.com\";user_id|s:1:\"1\";old_last_login|s:10:\"1701880879\";last_check|i:1701888273;ion_auth_session_hash|s:40:\"6583d6c4f205998ecacc9f51b68a2a2e44ea0006\";'),
('8p092up9i41a3eluq22c9eecd62tgl9k',	'192.168.0.5',	1701888986,	'__ci_last_regenerate|i:1701888986;identity|s:13:\"administrador\";username|s:13:\"administrador\";email|s:15:\"admin@admin.com\";user_id|s:1:\"1\";old_last_login|s:10:\"1701880879\";last_check|i:1701888273;ion_auth_session_hash|s:40:\"6583d6c4f205998ecacc9f51b68a2a2e44ea0006\";'),
('r8u1opupagg51nakont6jptphktkhuo9',	'192.168.0.5',	1701888765,	'__ci_last_regenerate|i:1701888765;'),
('5vli6c9iofq9rnp873hboa0r9evs4594',	'192.168.0.5',	1701888765,	'__ci_last_regenerate|i:1701888765;'),
('4bgbcd72rb0sivra7h7hj5jntpnpj7l2',	'192.168.0.5',	1701889411,	'__ci_last_regenerate|i:1701889411;identity|s:13:\"administrador\";username|s:13:\"administrador\";email|s:15:\"admin@admin.com\";user_id|s:1:\"1\";old_last_login|s:10:\"1701880879\";last_check|i:1701888273;ion_auth_session_hash|s:40:\"6583d6c4f205998ecacc9f51b68a2a2e44ea0006\";'),
('c0t3dkt2220ut68f2k44b2ir1lolobnk',	'192.168.0.5',	1701889797,	'__ci_last_regenerate|i:1701889797;identity|s:13:\"administrador\";username|s:13:\"administrador\";email|s:15:\"admin@admin.com\";user_id|s:1:\"1\";old_last_login|s:10:\"1701880879\";last_check|i:1701888273;ion_auth_session_hash|s:40:\"6583d6c4f205998ecacc9f51b68a2a2e44ea0006\";'),
('i43n5uo35uuvrkjrs5am8ld4pilo6ckm',	'192.168.0.5',	1701890433,	'__ci_last_regenerate|i:1701890433;identity|s:13:\"administrador\";username|s:13:\"administrador\";email|s:15:\"admin@admin.com\";user_id|s:1:\"1\";old_last_login|s:10:\"1701880879\";last_check|i:1701888273;ion_auth_session_hash|s:40:\"6583d6c4f205998ecacc9f51b68a2a2e44ea0006\";'),
('5pi6hqpvgl2to8s4pkipqu6r3gm6boae',	'192.168.0.5',	1701889854,	'__ci_last_regenerate|i:1701889854;'),
('1nvntsmtuq93v8tg85t4bsrmk6mrluna',	'192.168.0.92',	1701890295,	'__ci_last_regenerate|i:1701890295;identity|s:13:\"administrador\";username|s:13:\"administrador\";email|s:15:\"admin@admin.com\";user_id|s:1:\"1\";old_last_login|s:10:\"1701888273\";last_check|i:1701890295;ion_auth_session_hash|s:40:\"6583d6c4f205998ecacc9f51b68a2a2e44ea0006\";'),
('ldn0p6n2amsrrdgi908p523ov1575gvj',	'192.168.0.92',	1701890640,	'__ci_last_regenerate|i:1701890640;identity|s:13:\"administrador\";username|s:13:\"administrador\";email|s:15:\"admin@admin.com\";user_id|s:1:\"1\";old_last_login|s:10:\"1701888273\";last_check|i:1701890295;ion_auth_session_hash|s:40:\"6583d6c4f205998ecacc9f51b68a2a2e44ea0006\";'),
('l4f06st4e5k1a9dkc2hrogh8a8s5k211',	'192.168.0.5',	1701890740,	'__ci_last_regenerate|i:1701890740;identity|s:13:\"administrador\";username|s:13:\"administrador\";email|s:15:\"admin@admin.com\";user_id|s:1:\"1\";old_last_login|s:10:\"1701880879\";last_check|i:1701888273;ion_auth_session_hash|s:40:\"6583d6c4f205998ecacc9f51b68a2a2e44ea0006\";'),
('ps87jmg8uctigqurumhfkkb4hplcqgp6',	'192.168.0.92',	1701890954,	'__ci_last_regenerate|i:1701890954;identity|s:13:\"administrador\";username|s:13:\"administrador\";email|s:15:\"admin@admin.com\";user_id|s:1:\"1\";old_last_login|s:10:\"1701888273\";last_check|i:1701890295;ion_auth_session_hash|s:40:\"6583d6c4f205998ecacc9f51b68a2a2e44ea0006\";'),
('auukf6r3foavjcn9cblad8venfkp7jrd',	'192.168.0.5',	1701891253,	'__ci_last_regenerate|i:1701891253;identity|s:13:\"administrador\";username|s:13:\"administrador\";email|s:15:\"admin@admin.com\";user_id|s:1:\"1\";old_last_login|s:10:\"1701880879\";last_check|i:1701888273;ion_auth_session_hash|s:40:\"6583d6c4f205998ecacc9f51b68a2a2e44ea0006\";'),
('kpik2fcjokocgg4g9cnpkbeks5rg5rq0',	'192.168.0.92',	1701891297,	'__ci_last_regenerate|i:1701891297;identity|s:13:\"administrador\";username|s:13:\"administrador\";email|s:15:\"admin@admin.com\";user_id|s:1:\"1\";old_last_login|s:10:\"1701888273\";last_check|i:1701890295;ion_auth_session_hash|s:40:\"6583d6c4f205998ecacc9f51b68a2a2e44ea0006\";'),
('pkkn997sod636fcsoqckgvdjmjiithge',	'192.168.0.5',	1701891873,	'__ci_last_regenerate|i:1701891873;identity|s:13:\"administrador\";username|s:13:\"administrador\";email|s:15:\"admin@admin.com\";user_id|s:1:\"1\";old_last_login|s:10:\"1701880879\";last_check|i:1701888273;ion_auth_session_hash|s:40:\"6583d6c4f205998ecacc9f51b68a2a2e44ea0006\";'),
('j8pbor2fn7qvlntls4qmrnl45rlhpmia',	'192.168.0.5',	1701891271,	'__ci_last_regenerate|i:1701891271;'),
('kb0aakiura749ne6tsu1narkttauqvqc',	'192.168.0.92',	1701892185,	'__ci_last_regenerate|i:1701892185;identity|s:13:\"administrador\";username|s:13:\"administrador\";email|s:15:\"admin@admin.com\";user_id|s:1:\"1\";old_last_login|s:10:\"1701888273\";last_check|i:1701890295;ion_auth_session_hash|s:40:\"6583d6c4f205998ecacc9f51b68a2a2e44ea0006\";'),
('b0v3g29i7n6v0f1ja7mr84h00kcku1tj',	'192.168.0.5',	1701891373,	'__ci_last_regenerate|i:1701891373;'),
('4apfsoj2v9kkr920gpdh8h2hrbve6nu4',	'192.168.0.5',	1701892231,	'__ci_last_regenerate|i:1701892231;identity|s:13:\"administrador\";username|s:13:\"administrador\";email|s:15:\"admin@admin.com\";user_id|s:1:\"1\";old_last_login|s:10:\"1701880879\";last_check|i:1701888273;ion_auth_session_hash|s:40:\"6583d6c4f205998ecacc9f51b68a2a2e44ea0006\";'),
('fsa8aee4r88jtbakmgcoaks38eth8nhg',	'192.168.0.92',	1701892717,	'__ci_last_regenerate|i:1701892717;identity|s:13:\"administrador\";username|s:13:\"administrador\";email|s:15:\"admin@admin.com\";user_id|s:1:\"1\";old_last_login|s:10:\"1701888273\";last_check|i:1701890295;ion_auth_session_hash|s:40:\"6583d6c4f205998ecacc9f51b68a2a2e44ea0006\";'),
('gphuni5catr2nc7obad8elei7crhcedf',	'192.168.0.5',	1701892691,	'__ci_last_regenerate|i:1701892691;identity|s:13:\"administrador\";username|s:13:\"administrador\";email|s:15:\"admin@admin.com\";user_id|s:1:\"1\";old_last_login|s:10:\"1701880879\";last_check|i:1701888273;ion_auth_session_hash|s:40:\"6583d6c4f205998ecacc9f51b68a2a2e44ea0006\";'),
('tni0jqle4f9b7evctv3u3n81bnnakb5l',	'192.168.0.5',	1701892691,	'__ci_last_regenerate|i:1701892691;identity|s:13:\"administrador\";username|s:13:\"administrador\";email|s:15:\"admin@admin.com\";user_id|s:1:\"1\";old_last_login|s:10:\"1701880879\";last_check|i:1701888273;ion_auth_session_hash|s:40:\"6583d6c4f205998ecacc9f51b68a2a2e44ea0006\";'),
('d6r9l7is5pmrfvd2odq3mefjlka96brn',	'192.168.0.92',	1701893422,	'__ci_last_regenerate|i:1701893422;identity|s:13:\"administrador\";username|s:13:\"administrador\";email|s:15:\"admin@admin.com\";user_id|s:1:\"1\";old_last_login|s:10:\"1701888273\";last_check|i:1701890295;ion_auth_session_hash|s:40:\"6583d6c4f205998ecacc9f51b68a2a2e44ea0006\";'),
('pvhhl8n6v45un8ssor9gvpoqsg6u42k6',	'192.168.0.92',	1701893426,	'__ci_last_regenerate|i:1701893422;identity|s:13:\"administrador\";username|s:13:\"administrador\";email|s:15:\"admin@admin.com\";user_id|s:1:\"1\";old_last_login|s:10:\"1701888273\";last_check|i:1701890295;ion_auth_session_hash|s:40:\"6583d6c4f205998ecacc9f51b68a2a2e44ea0006\";'),
('a8jsq30gp1p0pv6hjctq46k8bojia94i',	'192.168.0.5',	1701907596,	'__ci_last_regenerate|i:1701907596;'),
('nf7aue1p8llfo67da2f48a8p4lihqmu3',	'192.168.0.5',	1701909054,	'__ci_last_regenerate|i:1701909054;'),
('grfrehruu0g0c7jlfh4pnutr5jkubjhj',	'192.168.0.5',	1701909054,	'__ci_last_regenerate|i:1701909054;'),
('gk6gh1s0aaufl5m3ae9i52qvg5pgdv21',	'192.168.0.92',	1701959573,	'__ci_last_regenerate|i:1701959573;identity|s:13:\"administrador\";username|s:13:\"administrador\";email|s:15:\"admin@admin.com\";user_id|s:1:\"1\";old_last_login|s:10:\"1701890295\";last_check|i:1701959573;ion_auth_session_hash|s:40:\"6583d6c4f205998ecacc9f51b68a2a2e44ea0006\";'),
('7jb5etlbvf49bu3m2tju35bq0blmo9ul',	'192.168.0.92',	1701959925,	'__ci_last_regenerate|i:1701959925;identity|s:13:\"administrador\";username|s:13:\"administrador\";email|s:15:\"admin@admin.com\";user_id|s:1:\"1\";old_last_login|s:10:\"1701890295\";last_check|i:1701959573;ion_auth_session_hash|s:40:\"6583d6c4f205998ecacc9f51b68a2a2e44ea0006\";'),
('831k4j7g58m2mi9q794po3v05m0f0s18',	'192.168.0.92',	1701960425,	'__ci_last_regenerate|i:1701960425;identity|s:13:\"administrador\";username|s:13:\"administrador\";email|s:15:\"admin@admin.com\";user_id|s:1:\"1\";old_last_login|s:10:\"1701890295\";last_check|i:1701959573;ion_auth_session_hash|s:40:\"6583d6c4f205998ecacc9f51b68a2a2e44ea0006\";'),
('fevk3at6ap6lmov9vl74m2iba5266uh5',	'192.168.0.92',	1701965915,	'__ci_last_regenerate|i:1701965915;identity|s:13:\"administrador\";username|s:13:\"administrador\";email|s:15:\"admin@admin.com\";user_id|s:1:\"1\";old_last_login|s:10:\"1701890295\";last_check|i:1701959573;ion_auth_session_hash|s:40:\"6583d6c4f205998ecacc9f51b68a2a2e44ea0006\";'),
('ehouh551mlj0b3dh7605gne9o6k1cbr9',	'192.168.0.92',	1701971554,	'__ci_last_regenerate|i:1701971554;identity|s:13:\"administrador\";username|s:13:\"administrador\";email|s:15:\"admin@admin.com\";user_id|s:1:\"1\";old_last_login|s:10:\"1701890295\";last_check|i:1701959573;ion_auth_session_hash|s:40:\"6583d6c4f205998ecacc9f51b68a2a2e44ea0006\";'),
('kvpsofljta121rlt8pn9973ldd8d45kg',	'192.168.0.5',	1701970858,	'__ci_last_regenerate|i:1701970858;identity|s:13:\"administrador\";username|s:13:\"administrador\";email|s:15:\"admin@admin.com\";user_id|s:1:\"1\";old_last_login|s:10:\"1701959573\";last_check|i:1701970857;ion_auth_session_hash|s:40:\"6583d6c4f205998ecacc9f51b68a2a2e44ea0006\";'),
('0at1o7h402086mjacoc8hnqauhqcctmv',	'192.168.0.5',	1701971155,	'__ci_last_regenerate|i:1701970858;identity|s:13:\"administrador\";username|s:13:\"administrador\";email|s:15:\"admin@admin.com\";user_id|s:1:\"1\";old_last_login|s:10:\"1701959573\";last_check|i:1701970857;ion_auth_session_hash|s:40:\"6583d6c4f205998ecacc9f51b68a2a2e44ea0006\";'),
('6ihuo5b7qd5o5sa2lddrfft2kut3p98k',	'192.168.0.92',	1701971822,	'__ci_last_regenerate|i:1701971554;identity|s:13:\"administrador\";username|s:13:\"administrador\";email|s:15:\"admin@admin.com\";user_id|s:1:\"1\";old_last_login|s:10:\"1701890295\";last_check|i:1701959573;ion_auth_session_hash|s:40:\"6583d6c4f205998ecacc9f51b68a2a2e44ea0006\";'),
('s1e10cive25or8l416puhlln24357hbr',	'192.168.0.92',	1701989623,	'__ci_last_regenerate|i:1701989623;identity|s:13:\"administrador\";username|s:13:\"administrador\";email|s:15:\"admin@admin.com\";user_id|s:1:\"1\";old_last_login|s:10:\"1701970857\";last_check|i:1701989622;ion_auth_session_hash|s:40:\"6583d6c4f205998ecacc9f51b68a2a2e44ea0006\";'),
('qvli0p40g6guhinsjqdj9skpf66sk5r2',	'192.168.0.92',	1701989940,	'__ci_last_regenerate|i:1701989940;identity|s:13:\"administrador\";username|s:13:\"administrador\";email|s:15:\"admin@admin.com\";user_id|s:1:\"1\";old_last_login|s:10:\"1701970857\";last_check|i:1701989622;ion_auth_session_hash|s:40:\"6583d6c4f205998ecacc9f51b68a2a2e44ea0006\";'),
('4a7dd15qjuus5a8ivstmmh19l1rgi43c',	'192.168.0.92',	1701990351,	'__ci_last_regenerate|i:1701990351;identity|s:13:\"administrador\";username|s:13:\"administrador\";email|s:15:\"admin@admin.com\";user_id|s:1:\"1\";old_last_login|s:10:\"1701970857\";last_check|i:1701989622;ion_auth_session_hash|s:40:\"6583d6c4f205998ecacc9f51b68a2a2e44ea0006\";'),
('o3s2jh5hbh4o6jvilsj4s5lsq8g6d316',	'192.168.0.92',	1701991005,	'__ci_last_regenerate|i:1701991005;identity|s:13:\"administrador\";username|s:13:\"administrador\";email|s:15:\"admin@admin.com\";user_id|s:1:\"1\";old_last_login|s:10:\"1701970857\";last_check|i:1701989622;ion_auth_session_hash|s:40:\"6583d6c4f205998ecacc9f51b68a2a2e44ea0006\";'),
('sdnuvponqucsmgkm3ukt25lvthsvukmb',	'192.168.0.92',	1701991352,	'__ci_last_regenerate|i:1701991352;identity|s:13:\"administrador\";username|s:13:\"administrador\";email|s:15:\"admin@admin.com\";user_id|s:1:\"1\";old_last_login|s:10:\"1701970857\";last_check|i:1701989622;ion_auth_session_hash|s:40:\"6583d6c4f205998ecacc9f51b68a2a2e44ea0006\";'),
('sqm4c5b2q7ug02n0v98j087ujcuae3t9',	'192.168.0.92',	1701991352,	'__ci_last_regenerate|i:1701991352;identity|s:13:\"administrador\";username|s:13:\"administrador\";email|s:15:\"admin@admin.com\";user_id|s:1:\"1\";old_last_login|s:10:\"1701970857\";last_check|i:1701989622;ion_auth_session_hash|s:40:\"6583d6c4f205998ecacc9f51b68a2a2e44ea0006\";'),
('nq2qi6f4s3t0g2n2los4502o7qha1q21',	'192.168.0.92',	1701991369,	'__ci_last_regenerate|i:1701991369;'),
('dev2egc12nedsf12cg2p2tqnudijr3iv',	'192.168.0.92',	1701991369,	'__ci_last_regenerate|i:1701991369;'),
('mf0cfh8c0n7aron6ts9n5caee7mdn1rv',	'192.168.0.9',	1708103018,	'__ci_last_regenerate|i:1708103018;identity|s:13:\"administrador\";username|s:13:\"administrador\";email|s:15:\"admin@admin.com\";user_id|s:1:\"1\";old_last_login|s:10:\"1701989622\";last_check|i:1708103018;ion_auth_session_hash|s:40:\"6583d6c4f205998ecacc9f51b68a2a2e44ea0006\";'),
('nkga29vb57qejld5mu9dt4053hhc59if',	'192.168.0.9',	1708103047,	'__ci_last_regenerate|i:1708103018;identity|s:13:\"administrador\";username|s:13:\"administrador\";email|s:15:\"admin@admin.com\";user_id|s:1:\"1\";old_last_login|s:10:\"1701989622\";last_check|i:1708103018;ion_auth_session_hash|s:40:\"6583d6c4f205998ecacc9f51b68a2a2e44ea0006\";'),
('2ab5ap2lvt176k7ahbkcea14bsb6na9h',	'192.168.0.5',	1709078023,	'__ci_last_regenerate|i:1709078023;identity|s:13:\"administrador\";username|s:13:\"administrador\";email|s:15:\"admin@admin.com\";user_id|s:1:\"1\";old_last_login|s:10:\"1708103018\";last_check|i:1709078023;ion_auth_session_hash|s:40:\"6583d6c4f205998ecacc9f51b68a2a2e44ea0006\";'),
('tos4dip1ob5r4r5ui8ubdkaekkpceehl',	'192.168.0.5',	1709078214,	'__ci_last_regenerate|i:1709078023;identity|s:13:\"administrador\";username|s:13:\"administrador\";email|s:15:\"admin@admin.com\";user_id|s:1:\"1\";old_last_login|s:10:\"1708103018\";last_check|i:1709078023;ion_auth_session_hash|s:40:\"6583d6c4f205998ecacc9f51b68a2a2e44ea0006\";'),
('479t80j2vgnml95klfmmavjkfd7aq1bp',	'192.168.0.5',	1709085856,	'__ci_last_regenerate|i:1709085856;identity|s:13:\"administrador\";username|s:13:\"administrador\";email|s:15:\"admin@admin.com\";user_id|s:1:\"1\";old_last_login|s:10:\"1709078023\";last_check|i:1709085855;ion_auth_session_hash|s:40:\"6583d6c4f205998ecacc9f51b68a2a2e44ea0006\";'),
('4cnb1khksq1i7tv97jv4eccfong8jgt8',	'192.168.0.5',	1709085887,	'__ci_last_regenerate|i:1709085856;identity|s:13:\"administrador\";username|s:13:\"administrador\";email|s:15:\"admin@admin.com\";user_id|s:1:\"1\";old_last_login|s:10:\"1709078023\";last_check|i:1709085855;ion_auth_session_hash|s:40:\"6583d6c4f205998ecacc9f51b68a2a2e44ea0006\";'),
('of58im7hi2f823fk2iqspfpjniv2f36h',	'192.168.0.5',	1709130547,	'__ci_last_regenerate|i:1709130547;identity|s:13:\"administrador\";username|s:13:\"administrador\";email|s:15:\"admin@admin.com\";user_id|s:1:\"1\";old_last_login|s:10:\"1709085855\";last_check|i:1709130547;ion_auth_session_hash|s:40:\"6583d6c4f205998ecacc9f51b68a2a2e44ea0006\";'),
('7pr02d8746r5fkr6diqup8ngk0rq8q2t',	'192.168.0.5',	1709130882,	'__ci_last_regenerate|i:1709130882;identity|s:13:\"administrador\";username|s:13:\"administrador\";email|s:15:\"admin@admin.com\";user_id|s:1:\"1\";old_last_login|s:10:\"1709085855\";last_check|i:1709130547;ion_auth_session_hash|s:40:\"6583d6c4f205998ecacc9f51b68a2a2e44ea0006\";'),
('k8er7fs06bb6ug0vu9tat6spo958p4os',	'192.168.0.5',	1709131381,	'__ci_last_regenerate|i:1709131381;identity|s:13:\"administrador\";username|s:13:\"administrador\";email|s:15:\"admin@admin.com\";user_id|s:1:\"1\";old_last_login|s:10:\"1709085855\";last_check|i:1709130547;ion_auth_session_hash|s:40:\"6583d6c4f205998ecacc9f51b68a2a2e44ea0006\";'),
('lnqaobtnucj28ukgv4t51k70760b0jsu',	'192.168.0.5',	1709136401,	'__ci_last_regenerate|i:1709136401;identity|s:13:\"administrador\";username|s:13:\"administrador\";email|s:15:\"admin@admin.com\";user_id|s:1:\"1\";old_last_login|s:10:\"1709085855\";last_check|i:1709130547;ion_auth_session_hash|s:40:\"6583d6c4f205998ecacc9f51b68a2a2e44ea0006\";'),
('tlsi6h5usu0lmb5eg89mmdjnlek7rn5m',	'192.168.0.5',	1709139852,	'__ci_last_regenerate|i:1709139852;identity|s:13:\"administrador\";username|s:13:\"administrador\";email|s:15:\"admin@admin.com\";user_id|s:1:\"1\";old_last_login|s:10:\"1709085855\";last_check|i:1709130547;ion_auth_session_hash|s:40:\"6583d6c4f205998ecacc9f51b68a2a2e44ea0006\";'),
('iri1sf176nkhihj82b9dl21nqrsjc9po',	'192.168.0.5',	1709140176,	'__ci_last_regenerate|i:1709140176;identity|s:13:\"administrador\";username|s:13:\"administrador\";email|s:15:\"admin@admin.com\";user_id|s:1:\"1\";old_last_login|s:10:\"1709085855\";last_check|i:1709130547;ion_auth_session_hash|s:40:\"6583d6c4f205998ecacc9f51b68a2a2e44ea0006\";'),
('ta7h55f8ejpia25i8r2ur297vsh2ghmf',	'192.168.0.5',	1709140485,	'__ci_last_regenerate|i:1709140485;identity|s:13:\"administrador\";username|s:13:\"administrador\";email|s:15:\"admin@admin.com\";user_id|s:1:\"1\";old_last_login|s:10:\"1709085855\";last_check|i:1709130547;ion_auth_session_hash|s:40:\"6583d6c4f205998ecacc9f51b68a2a2e44ea0006\";'),
('7vl77ig02j47fndmg9e6lkv43kqa289c',	'192.168.0.5',	1709143626,	'__ci_last_regenerate|i:1709143626;identity|s:13:\"administrador\";username|s:13:\"administrador\";email|s:15:\"admin@admin.com\";user_id|s:1:\"1\";old_last_login|s:10:\"1709085855\";last_check|i:1709130547;ion_auth_session_hash|s:40:\"6583d6c4f205998ecacc9f51b68a2a2e44ea0006\";'),
('195277mcldeesqqqsg02lh494dor8g4d',	'192.168.0.5',	1709144419,	'__ci_last_regenerate|i:1709144419;identity|s:13:\"administrador\";username|s:13:\"administrador\";email|s:15:\"admin@admin.com\";user_id|s:1:\"1\";old_last_login|s:10:\"1709085855\";last_check|i:1709130547;ion_auth_session_hash|s:40:\"6583d6c4f205998ecacc9f51b68a2a2e44ea0006\";'),
('9r79pbams4dna3oe38ie0qrko781vlkk',	'192.168.0.5',	1709145762,	'__ci_last_regenerate|i:1709145762;identity|s:13:\"administrador\";username|s:13:\"administrador\";email|s:15:\"admin@admin.com\";user_id|s:1:\"1\";old_last_login|s:10:\"1709085855\";last_check|i:1709130547;ion_auth_session_hash|s:40:\"6583d6c4f205998ecacc9f51b68a2a2e44ea0006\";'),
('s8gjijl1uuv45fg9hodm33861can9sac',	'192.168.0.5',	1709149628,	'__ci_last_regenerate|i:1709149628;identity|s:13:\"administrador\";username|s:13:\"administrador\";email|s:15:\"admin@admin.com\";user_id|s:1:\"1\";old_last_login|s:10:\"1709085855\";last_check|i:1709130547;ion_auth_session_hash|s:40:\"6583d6c4f205998ecacc9f51b68a2a2e44ea0006\";'),
('36m88ikvf9tj9cimnl3q73a0fumoqbnq',	'192.168.0.5',	1709149792,	'__ci_last_regenerate|i:1709149628;identity|s:13:\"administrador\";username|s:13:\"administrador\";email|s:15:\"admin@admin.com\";user_id|s:1:\"1\";old_last_login|s:10:\"1709085855\";last_check|i:1709130547;ion_auth_session_hash|s:40:\"6583d6c4f205998ecacc9f51b68a2a2e44ea0006\";'),
('6cl3o13cfhvc78449g9qht0f3n7pu0of',	'192.168.0.5',	1709222812,	'__ci_last_regenerate|i:1709222812;identity|s:13:\"administrador\";username|s:13:\"administrador\";email|s:15:\"admin@admin.com\";user_id|s:1:\"1\";old_last_login|s:10:\"1709130547\";last_check|i:1709222811;ion_auth_session_hash|s:40:\"6583d6c4f205998ecacc9f51b68a2a2e44ea0006\";'),
('i92b9u3tmnnbedaabatl2dmpsan2jijt',	'192.168.0.5',	1709224246,	'__ci_last_regenerate|i:1709224246;identity|s:13:\"administrador\";username|s:13:\"administrador\";email|s:15:\"admin@admin.com\";user_id|s:1:\"1\";old_last_login|s:10:\"1709130547\";last_check|i:1709222811;ion_auth_session_hash|s:40:\"6583d6c4f205998ecacc9f51b68a2a2e44ea0006\";'),
('sjapvjgr3onuee662eruhguu104bs8uj',	'192.168.0.5',	1709223937,	'__ci_last_regenerate|i:1709223936;identity|s:13:\"administrador\";username|s:13:\"administrador\";email|s:15:\"admin@admin.com\";user_id|s:1:\"1\";old_last_login|s:10:\"1709130547\";last_check|i:1709222811;ion_auth_session_hash|s:40:\"6583d6c4f205998ecacc9f51b68a2a2e44ea0006\";'),
('lkms4t80445tmgpf0utijdc5oj3h9l3g',	'192.168.0.5',	1709224548,	'__ci_last_regenerate|i:1709224548;identity|s:13:\"administrador\";username|s:13:\"administrador\";email|s:15:\"admin@admin.com\";user_id|s:1:\"1\";old_last_login|s:10:\"1709130547\";last_check|i:1709222811;ion_auth_session_hash|s:40:\"6583d6c4f205998ecacc9f51b68a2a2e44ea0006\";'),
('t1feh3clksh7hr43n4qi8ub3drki14t5',	'192.168.0.92',	1709224576,	'__ci_last_regenerate|i:1709224576;identity|s:13:\"administrador\";username|s:13:\"administrador\";email|s:15:\"admin@admin.com\";user_id|s:1:\"1\";old_last_login|s:10:\"1709222811\";last_check|i:1709224576;ion_auth_session_hash|s:40:\"6583d6c4f205998ecacc9f51b68a2a2e44ea0006\";'),
('tdqlvddo07ni3am6l4ffi17oj2l08bqn',	'192.168.0.5',	1709225039,	'__ci_last_regenerate|i:1709225039;identity|s:13:\"administrador\";username|s:13:\"administrador\";email|s:15:\"admin@admin.com\";user_id|s:1:\"1\";old_last_login|s:10:\"1709130547\";last_check|i:1709222811;ion_auth_session_hash|s:40:\"6583d6c4f205998ecacc9f51b68a2a2e44ea0006\";'),
('923cnmuaeq6mrhs15mtjre8n8997hlhr',	'192.168.0.92',	1709224891,	'__ci_last_regenerate|i:1709224891;identity|s:13:\"administrador\";username|s:13:\"administrador\";email|s:15:\"admin@admin.com\";user_id|s:1:\"1\";old_last_login|s:10:\"1709222811\";last_check|i:1709224576;ion_auth_session_hash|s:40:\"6583d6c4f205998ecacc9f51b68a2a2e44ea0006\";'),
('3t1dr51ah3ordt7mdpah6ruqd334hbc5',	'192.168.0.92',	1709225217,	'__ci_last_regenerate|i:1709225217;identity|s:13:\"administrador\";username|s:13:\"administrador\";email|s:15:\"admin@admin.com\";user_id|s:1:\"1\";old_last_login|s:10:\"1709222811\";last_check|i:1709224576;ion_auth_session_hash|s:40:\"6583d6c4f205998ecacc9f51b68a2a2e44ea0006\";'),
('l5tmgpd6i49o8kikpkhqkrq55av8tk7k',	'192.168.0.5',	1709225351,	'__ci_last_regenerate|i:1709225351;identity|s:13:\"administrador\";username|s:13:\"administrador\";email|s:15:\"admin@admin.com\";user_id|s:1:\"1\";old_last_login|s:10:\"1709130547\";last_check|i:1709222811;ion_auth_session_hash|s:40:\"6583d6c4f205998ecacc9f51b68a2a2e44ea0006\";'),
('akvl7uou6lvj7gpj6pbolvvtom373sbo',	'192.168.0.92',	1709225493,	'__ci_last_regenerate|i:1709225217;identity|s:13:\"administrador\";username|s:13:\"administrador\";email|s:15:\"admin@admin.com\";user_id|s:1:\"1\";old_last_login|s:10:\"1709222811\";last_check|i:1709224576;ion_auth_session_hash|s:40:\"6583d6c4f205998ecacc9f51b68a2a2e44ea0006\";'),
('1loe6dl2lnenjh2adp8be9q0ph8h50oq',	'192.168.0.5',	1709225398,	'__ci_last_regenerate|i:1709225351;identity|s:13:\"administrador\";username|s:13:\"administrador\";email|s:15:\"admin@admin.com\";user_id|s:1:\"1\";old_last_login|s:10:\"1709130547\";last_check|i:1709222811;ion_auth_session_hash|s:40:\"6583d6c4f205998ecacc9f51b68a2a2e44ea0006\";'),
('ba2dd50a406afa84d12997db4f82273a96adb53d',	'172.21.0.1',	1712891161,	'__ci_last_regenerate|i:1712891161;'),
('9466e7b30acbfb996a2d80e5c7b62feb8677d624',	'172.21.0.1',	1712893492,	'__ci_last_regenerate|i:1712893492;'),
('42af4bda457c1a84af67750e7782c7fa3de4e589',	'172.21.0.1',	1712893868,	'__ci_last_regenerate|i:1712893868;'),
('a4d9065b87de2c5416989f7872dd8df156df75a5',	'172.21.0.1',	1712894711,	'__ci_last_regenerate|i:1712894711;'),
('a83a207e1af0261bb8e6eb6024732c6706f6e93e',	'172.21.0.1',	1712894712,	'__ci_last_regenerate|i:1712894712;identity|s:13:\"administrador\";username|s:13:\"administrador\";email|s:15:\"admin@admin.com\";user_id|s:1:\"1\";old_last_login|s:10:\"1709224576\";last_check|i:1712894712;ion_auth_session_hash|s:40:\"6583d6c4f205998ecacc9f51b68a2a2e44ea0006\";'),
('632483d95fd3cb1ad32e207d634977113f975c77',	'172.21.0.1',	1712894722,	'__ci_last_regenerate|i:1712894712;identity|s:13:\"administrador\";username|s:13:\"administrador\";email|s:15:\"admin@admin.com\";user_id|s:1:\"1\";old_last_login|s:10:\"1709224576\";last_check|i:1712894712;ion_auth_session_hash|s:40:\"6583d6c4f205998ecacc9f51b68a2a2e44ea0006\";');

DROP TABLE IF EXISTS `groups`;
CREATE TABLE `groups` (
  `id` mediumint unsigned NOT NULL AUTO_INCREMENT,
  `name` varchar(20) NOT NULL,
  `description` varchar(100) NOT NULL,
  PRIMARY KEY (`id`)
) ENGINE=InnoDB DEFAULT CHARSET=utf8mb3;

INSERT INTO `groups` (`id`, `name`, `description`) VALUES
(1,	'admin',	'Administración'),
(2,	'Operador',	'Transaccional'),
(3,	'Supervisores',	'Reportes');

DROP TABLE IF EXISTS `login_attempts`;
CREATE TABLE `login_attempts` (
  `id` int unsigned NOT NULL AUTO_INCREMENT,
  `ip_address` varchar(45) NOT NULL,
  `login` varchar(100) NOT NULL,
  `time` int unsigned DEFAULT NULL,
  PRIMARY KEY (`id`)
) ENGINE=InnoDB DEFAULT CHARSET=utf8mb3;


DROP TABLE IF EXISTS `users`;
CREATE TABLE `users` (
  `id` int unsigned NOT NULL AUTO_INCREMENT,
  `ip_address` varchar(45) NOT NULL,
  `username` varchar(100) DEFAULT NULL,
  `password` varchar(255) NOT NULL,
  `email` varchar(254) NOT NULL,
  `activation_selector` varchar(255) DEFAULT NULL,
  `activation_code` varchar(255) DEFAULT NULL,
  `forgotten_password_selector` varchar(255) DEFAULT NULL,
  `forgotten_password_code` varchar(255) DEFAULT NULL,
  `forgotten_password_time` int unsigned DEFAULT NULL,
  `remember_selector` varchar(255) DEFAULT NULL,
  `remember_code` varchar(255) DEFAULT NULL,
  `created_on` int unsigned NOT NULL,
  `last_login` int unsigned DEFAULT NULL,
  `active` tinyint unsigned DEFAULT NULL,
  `first_name` varchar(50) DEFAULT NULL,
  `last_name` varchar(50) DEFAULT NULL,
  `company` varchar(100) DEFAULT NULL,
  `phone` varchar(20) DEFAULT NULL,
  PRIMARY KEY (`id`),
  UNIQUE KEY `uc_email` (`email`),
  UNIQUE KEY `uc_activation_selector` (`activation_selector`),
  UNIQUE KEY `uc_forgotten_password_selector` (`forgotten_password_selector`),
  UNIQUE KEY `uc_remember_selector` (`remember_selector`)
) ENGINE=InnoDB DEFAULT CHARSET=utf8mb3;

INSERT INTO `users` (`id`, `ip_address`, `username`, `password`, `email`, `activation_selector`, `activation_code`, `forgotten_password_selector`, `forgotten_password_code`, `forgotten_password_time`, `remember_selector`, `remember_code`, `created_on`, `last_login`, `active`, `first_name`, `last_name`, `company`, `phone`) VALUES
(1,	'127.0.0.1',	'administrador',	'$2y$12$XxelwWrolPPMWDjDesjHXumcHNm3Z6PainnbtWKdcpJUA1Q/v537y',	'admin@admin.com',	NULL,	'',	NULL,	NULL,	NULL,	NULL,	NULL,	1268889823,	1712894712,	1,	'Administrador',	'Bellita',	'BELLITA',	'0'),
(2,	'::1',	'Supervisor',	'$2y$10$nbu1M4O8GWjhMQ/4Z51b0.3TPQaeMpTRbO/rrONtJKzzIOCNO3bCK',	'gugarte@lfp.com.ec',	NULL,	NULL,	NULL,	NULL,	NULL,	NULL,	NULL,	1618031125,	1618488056,	1,	'Supervisor',	'Bellita',	'BELLITA',	''),
(3,	'::1',	'Operador',	'$2y$10$FTRC728SLokXyISSFg8Irevz2Wg/TpS/gu6.QKDdhgiXO17uhc/Ya',	'bod.bellita@lfp.com.ec',	NULL,	NULL,	NULL,	NULL,	NULL,	NULL,	NULL,	1618031198,	1618939893,	1,	'Operador',	'Bellita',	'BELLITA',	'');

DROP TABLE IF EXISTS `users_groups`;
CREATE TABLE `users_groups` (
  `id` int unsigned NOT NULL AUTO_INCREMENT,
  `user_id` int unsigned NOT NULL,
  `group_id` mediumint unsigned NOT NULL,
  PRIMARY KEY (`id`),
  UNIQUE KEY `uc_users_groups` (`user_id`,`group_id`),
  KEY `fk_users_groups_users1_idx` (`user_id`),
  KEY `fk_users_groups_groups1_idx` (`group_id`),
  CONSTRAINT `fk_users_groups_groups1` FOREIGN KEY (`group_id`) REFERENCES `groups` (`id`) ON DELETE CASCADE,
  CONSTRAINT `fk_users_groups_users1` FOREIGN KEY (`user_id`) REFERENCES `users` (`id`) ON DELETE CASCADE
) ENGINE=InnoDB DEFAULT CHARSET=utf8mb3;

INSERT INTO `users_groups` (`id`, `user_id`, `group_id`) VALUES
(9,	1,	1),
(13,	2,	3),
(15,	3,	2);

DROP TABLE IF EXISTS `z_cosecha_cacao`;
CREATE TABLE `z_cosecha_cacao` (
  `id` int NOT NULL AUTO_INCREMENT,
  `finca` int NOT NULL DEFAULT '0',
  `supervisor` int NOT NULL DEFAULT '0',
  `fecha` varchar(10) NOT NULL DEFAULT '0',
  `hora` varchar(5) NOT NULL DEFAULT '0',
  `tarea` int NOT NULL DEFAULT '0',
  `subtarea` int NOT NULL DEFAULT '0',
  `trabajador` int NOT NULL DEFAULT '0',
  `lote` int NOT NULL DEFAULT '0',
  `modulo` int NOT NULL DEFAULT '0',
  `jornales` int NOT NULL,
  `saco1` decimal(9,2) NOT NULL DEFAULT '0.00',
  `saco2` decimal(9,2) NOT NULL DEFAULT '0.00',
  `saco3` decimal(9,2) NOT NULL DEFAULT '0.00',
  `saco4` decimal(9,2) NOT NULL DEFAULT '0.00',
  `saco5` decimal(9,2) NOT NULL DEFAULT '0.00',
  `saco6` decimal(9,2) NOT NULL DEFAULT '0.00',
  `saco7` decimal(9,2) NOT NULL DEFAULT '0.00',
  `saco8` decimal(9,2) NOT NULL DEFAULT '0.00',
  `saco9` decimal(9,2) NOT NULL DEFAULT '0.00',
  `saco10` decimal(9,2) NOT NULL DEFAULT '0.00',
  `saco11` decimal(9,2) NOT NULL DEFAULT '0.00',
  `saco12` decimal(9,2) NOT NULL DEFAULT '0.00',
  `saco13` decimal(9,2) NOT NULL DEFAULT '0.00',
  `saco14` decimal(9,2) NOT NULL DEFAULT '0.00',
  `saco15` decimal(9,2) NOT NULL DEFAULT '0.00',
  `total_peso` decimal(11,2) NOT NULL DEFAULT '0.00',
  `total_sacos` int NOT NULL DEFAULT '0',
  `observaciones` mediumtext,
  `created_at` timestamp NOT NULL DEFAULT CURRENT_TIMESTAMP,
  PRIMARY KEY (`id`)
) ENGINE=InnoDB DEFAULT CHARSET=utf8mb3;

INSERT INTO `z_cosecha_cacao` (`id`, `finca`, `supervisor`, `fecha`, `hora`, `tarea`, `subtarea`, `trabajador`, `lote`, `modulo`, `jornales`, `saco1`, `saco2`, `saco3`, `saco4`, `saco5`, `saco6`, `saco7`, `saco8`, `saco9`, `saco10`, `saco11`, `saco12`, `saco13`, `saco14`, `saco15`, `total_peso`, `total_sacos`, `observaciones`, `created_at`) VALUES
(205,	1,	1,	'2023-12-06',	'13:51',	5,	85,	227,	3,	4,	1,	12.00,	0.00,	0.00,	0.00,	0.00,	0.00,	0.00,	0.00,	0.00,	0.00,	0.00,	0.00,	0.00,	0.00,	0.00,	12.00,	1,	NULL,	'2023-12-06 00:00:00'),
(206,	1,	1,	'2023-12-06',	'11:56',	5,	85,	256,	20,	8,	0,	500.00,	250.00,	0.00,	0.00,	0.00,	0.00,	0.00,	0.00,	0.00,	0.00,	0.00,	0.00,	0.00,	0.00,	0.00,	750.00,	2,	NULL,	'2023-12-06 00:00:00'),
(207,	1,	26,	'2023-12-06',	'12:10',	5,	81,	260,	3,	13,	1,	6.00,	0.00,	0.00,	0.00,	0.00,	0.00,	0.00,	0.00,	0.00,	0.00,	0.00,	0.00,	0.00,	0.00,	0.00,	6.00,	1,	NULL,	'2023-12-06 00:00:00'),
(208,	1,	26,	'2023-12-06',	'12:10',	5,	81,	243,	3,	13,	1,	50.00,	0.00,	0.00,	0.00,	0.00,	0.00,	0.00,	0.00,	0.00,	0.00,	0.00,	0.00,	0.00,	0.00,	0.00,	50.00,	1,	NULL,	'2023-12-06 00:00:00'),
(209,	1,	1,	'2023-12-06',	'12:53',	5,	81,	273,	22,	9,	1,	50.00,	0.00,	0.00,	0.00,	0.00,	0.00,	0.00,	0.00,	0.00,	0.00,	0.00,	0.00,	0.00,	0.00,	0.00,	50.00,	1,	NULL,	'2023-12-06 00:00:00'),
(210,	1,	1,	'2023-12-06',	'11:56',	5,	85,	267,	5,	1,	0,	0.00,	0.00,	0.00,	0.00,	0.00,	0.00,	0.00,	0.00,	0.00,	0.00,	0.00,	0.00,	0.00,	0.00,	0.00,	0.00,	0,	NULL,	'2023-12-06 00:00:00'),
(211,	1,	1,	'2023-12-06',	'11:56',	5,	85,	216,	5,	6,	1,	0.00,	0.00,	0.00,	0.00,	0.00,	0.00,	0.00,	0.00,	0.00,	0.00,	0.00,	0.00,	0.00,	0.00,	0.00,	0.00,	0,	NULL,	'2023-12-06 00:00:00'),
(212,	1,	1,	'2023-12-06',	'11:56',	5,	85,	256,	5,	1,	0,	250.00,	0.00,	0.00,	0.00,	0.00,	0.00,	0.00,	0.00,	0.00,	0.00,	0.00,	0.00,	0.00,	0.00,	0.00,	250.00,	1,	NULL,	'2023-12-06 00:00:00'),
(213,	1,	1,	'2023-12-06',	'11:56',	5,	85,	216,	5,	6,	0,	0.00,	0.00,	0.00,	0.00,	0.00,	0.00,	0.00,	0.00,	0.00,	0.00,	0.00,	0.00,	0.00,	0.00,	0.00,	0.00,	0,	NULL,	'2023-12-06 00:00:00'),
(214,	1,	26,	'2023-12-06',	'12:10',	5,	81,	260,	3,	13,	1,	6.00,	0.00,	0.00,	0.00,	0.00,	0.00,	0.00,	0.00,	0.00,	0.00,	0.00,	0.00,	0.00,	0.00,	0.00,	6.00,	1,	NULL,	'2023-12-06 00:00:00'),
(215,	1,	26,	'2023-12-06',	'12:10',	5,	81,	243,	3,	13,	1,	50.00,	0.00,	0.00,	0.00,	0.00,	0.00,	0.00,	0.00,	0.00,	0.00,	0.00,	0.00,	0.00,	0.00,	0.00,	50.00,	1,	NULL,	'2023-12-06 00:00:00'),
(216,	1,	1,	'2023-12-06',	'12:53',	5,	81,	273,	5,	1,	1,	50.00,	0.00,	0.00,	0.00,	0.00,	0.00,	0.00,	0.00,	0.00,	0.00,	0.00,	0.00,	0.00,	0.00,	0.00,	50.00,	1,	NULL,	'2023-12-06 00:00:00'),
(217,	1,	1,	'2023-12-06',	'12:53',	5,	81,	273,	5,	1,	0,	14.00,	0.00,	0.00,	0.00,	0.00,	0.00,	0.00,	0.00,	0.00,	0.00,	0.00,	0.00,	0.00,	0.00,	0.00,	14.00,	1,	NULL,	'2023-12-06 00:00:00'),
(218,	1,	1,	'2023-12-06',	'11:56',	5,	85,	216,	5,	6,	1,	0.00,	0.00,	0.00,	0.00,	0.00,	0.00,	0.00,	0.00,	0.00,	0.00,	0.00,	0.00,	0.00,	0.00,	0.00,	0.00,	0,	NULL,	'2023-12-06 00:00:00'),
(219,	1,	1,	'2023-12-06',	'11:56',	5,	85,	267,	5,	1,	0,	0.00,	0.00,	0.00,	0.00,	0.00,	0.00,	0.00,	0.00,	0.00,	0.00,	0.00,	0.00,	0.00,	0.00,	0.00,	0.00,	0,	NULL,	'2023-12-06 00:00:00'),
(220,	1,	1,	'2023-12-06',	'11:56',	5,	85,	216,	5,	6,	0,	0.00,	0.00,	0.00,	0.00,	0.00,	0.00,	0.00,	0.00,	0.00,	0.00,	0.00,	0.00,	0.00,	0.00,	0.00,	0.00,	0,	NULL,	'2023-12-06 00:00:00'),
(221,	1,	1,	'2023-12-06',	'11:56',	5,	85,	256,	5,	1,	0,	250.00,	0.00,	0.00,	0.00,	0.00,	0.00,	0.00,	0.00,	0.00,	0.00,	0.00,	0.00,	0.00,	0.00,	0.00,	250.00,	1,	NULL,	'2023-12-06 00:00:00'),
(222,	1,	26,	'2023-12-06',	'12:10',	5,	81,	260,	3,	13,	1,	6.00,	0.00,	0.00,	0.00,	0.00,	0.00,	0.00,	0.00,	0.00,	0.00,	0.00,	0.00,	0.00,	0.00,	0.00,	6.00,	1,	NULL,	'2023-12-06 00:00:00'),
(223,	1,	26,	'2023-12-06',	'12:10',	5,	81,	243,	3,	13,	1,	50.00,	0.00,	0.00,	0.00,	0.00,	0.00,	0.00,	0.00,	0.00,	0.00,	0.00,	0.00,	0.00,	0.00,	0.00,	50.00,	1,	NULL,	'2023-12-06 00:00:00'),
(224,	1,	1,	'2023-12-06',	'12:53',	5,	81,	273,	5,	1,	1,	50.00,	0.00,	0.00,	0.00,	0.00,	0.00,	0.00,	0.00,	0.00,	0.00,	0.00,	0.00,	0.00,	0.00,	0.00,	50.00,	1,	NULL,	'2023-12-06 00:00:00'),
(225,	1,	1,	'2023-12-06',	'12:53',	5,	81,	273,	5,	1,	0,	14.00,	0.00,	0.00,	0.00,	0.00,	0.00,	0.00,	0.00,	0.00,	0.00,	0.00,	0.00,	0.00,	0.00,	0.00,	14.00,	1,	NULL,	'2023-12-06 00:00:00'),
(226,	1,	1,	'2023-12-06',	'12:53',	5,	81,	273,	5,	6,	0,	2.00,	2.00,	2.00,	0.00,	0.00,	0.00,	0.00,	0.00,	0.00,	0.00,	0.00,	0.00,	0.00,	0.00,	0.00,	6.00,	3,	NULL,	'2023-12-06 00:00:00'),
(227,	1,	1,	'2023-12-06',	'11:56',	5,	85,	216,	5,	6,	1,	0.00,	0.00,	0.00,	0.00,	0.00,	0.00,	0.00,	0.00,	0.00,	0.00,	0.00,	0.00,	0.00,	0.00,	0.00,	0.00,	0,	NULL,	'2023-12-06 00:00:00'),
(228,	1,	26,	'2023-12-06',	'12:10',	5,	81,	260,	3,	13,	1,	6.00,	0.00,	0.00,	0.00,	0.00,	0.00,	0.00,	0.00,	0.00,	0.00,	0.00,	0.00,	0.00,	0.00,	0.00,	6.00,	1,	NULL,	'2023-12-06 00:00:00'),
(229,	1,	26,	'2023-12-06',	'12:10',	5,	81,	243,	3,	13,	1,	50.00,	0.00,	0.00,	0.00,	0.00,	0.00,	0.00,	0.00,	0.00,	0.00,	0.00,	0.00,	0.00,	0.00,	0.00,	50.00,	1,	NULL,	'2023-12-06 00:00:00'),
(230,	1,	1,	'2023-12-06',	'11:56',	5,	85,	216,	5,	6,	0,	0.00,	0.00,	0.00,	0.00,	0.00,	0.00,	0.00,	0.00,	0.00,	0.00,	0.00,	0.00,	0.00,	0.00,	0.00,	0.00,	0,	NULL,	'2023-12-06 00:00:00'),
(231,	1,	1,	'2023-12-06',	'12:53',	5,	81,	273,	5,	1,	1,	50.00,	0.00,	0.00,	0.00,	0.00,	0.00,	0.00,	0.00,	0.00,	0.00,	0.00,	0.00,	0.00,	0.00,	0.00,	50.00,	1,	NULL,	'2023-12-06 00:00:00'),
(232,	1,	1,	'2023-12-06',	'12:53',	5,	81,	273,	5,	1,	0,	14.00,	0.00,	0.00,	0.00,	0.00,	0.00,	0.00,	0.00,	0.00,	0.00,	0.00,	0.00,	0.00,	0.00,	0.00,	14.00,	1,	NULL,	'2023-12-06 00:00:00'),
(233,	1,	1,	'2023-12-06',	'11:56',	5,	85,	267,	5,	1,	0,	0.00,	0.00,	0.00,	0.00,	0.00,	0.00,	0.00,	0.00,	0.00,	0.00,	0.00,	0.00,	0.00,	0.00,	0.00,	0.00,	0,	NULL,	'2023-12-06 00:00:00'),
(234,	1,	1,	'2023-12-06',	'12:53',	5,	81,	273,	5,	6,	0,	2.00,	2.00,	2.00,	0.00,	0.00,	0.00,	0.00,	0.00,	0.00,	0.00,	0.00,	0.00,	0.00,	0.00,	0.00,	6.00,	3,	NULL,	'2023-12-06 00:00:00'),
(235,	1,	1,	'2023-12-06',	'11:56',	5,	85,	256,	5,	1,	0,	250.00,	0.00,	0.00,	0.00,	0.00,	0.00,	0.00,	0.00,	0.00,	0.00,	0.00,	0.00,	0.00,	0.00,	0.00,	250.00,	1,	NULL,	'2023-12-06 00:00:00'),
(236,	1,	26,	'2023-12-06',	'13:02',	5,	81,	126,	4,	42,	1,	1.00,	0.00,	0.00,	2.00,	0.00,	0.00,	0.00,	0.00,	0.00,	0.00,	0.00,	0.00,	0.00,	0.00,	0.00,	3.00,	2,	NULL,	'2023-12-06 00:00:00'),
(237,	1,	1,	'2023-12-06',	'11:56',	5,	85,	216,	5,	6,	1,	0.00,	0.00,	0.00,	0.00,	0.00,	0.00,	0.00,	0.00,	0.00,	0.00,	0.00,	0.00,	0.00,	0.00,	0.00,	0.00,	0,	NULL,	'2023-12-06 00:00:00'),
(238,	1,	1,	'2023-12-06',	'11:56',	5,	85,	216,	5,	6,	0,	0.00,	0.00,	0.00,	0.00,	0.00,	0.00,	0.00,	0.00,	0.00,	0.00,	0.00,	0.00,	0.00,	0.00,	0.00,	0.00,	0,	NULL,	'2023-12-06 00:00:00'),
(239,	1,	1,	'2023-12-06',	'11:56',	5,	85,	256,	5,	1,	0,	250.00,	0.00,	0.00,	0.00,	0.00,	0.00,	0.00,	0.00,	0.00,	0.00,	0.00,	0.00,	0.00,	0.00,	0.00,	250.00,	1,	NULL,	'2023-12-06 00:00:00'),
(240,	1,	1,	'2023-12-06',	'11:56',	5,	85,	267,	5,	1,	0,	0.00,	0.00,	0.00,	0.00,	0.00,	0.00,	0.00,	0.00,	0.00,	0.00,	0.00,	0.00,	0.00,	0.00,	0.00,	0.00,	0,	NULL,	'2023-12-06 00:00:00'),
(241,	1,	26,	'2023-12-06',	'12:10',	5,	81,	260,	3,	13,	1,	6.00,	0.00,	0.00,	0.00,	0.00,	0.00,	0.00,	0.00,	0.00,	0.00,	0.00,	0.00,	0.00,	0.00,	0.00,	6.00,	1,	NULL,	'2023-12-06 00:00:00'),
(242,	1,	26,	'2023-12-06',	'12:10',	5,	81,	243,	3,	13,	1,	50.00,	0.00,	0.00,	0.00,	0.00,	0.00,	0.00,	0.00,	0.00,	0.00,	0.00,	0.00,	0.00,	0.00,	0.00,	50.00,	1,	NULL,	'2023-12-06 00:00:00'),
(243,	1,	1,	'2023-12-06',	'12:53',	5,	81,	273,	5,	1,	1,	50.00,	0.00,	0.00,	0.00,	0.00,	0.00,	0.00,	0.00,	0.00,	0.00,	0.00,	0.00,	0.00,	0.00,	0.00,	50.00,	1,	NULL,	'2023-12-06 00:00:00'),
(244,	1,	1,	'2023-12-06',	'12:53',	5,	81,	273,	5,	1,	0,	14.00,	0.00,	0.00,	0.00,	0.00,	0.00,	0.00,	0.00,	0.00,	0.00,	0.00,	0.00,	0.00,	0.00,	0.00,	14.00,	1,	NULL,	'2023-12-06 00:00:00'),
(245,	1,	1,	'2023-12-06',	'12:53',	5,	81,	273,	5,	6,	0,	2.00,	2.00,	2.00,	0.00,	0.00,	0.00,	0.00,	0.00,	0.00,	0.00,	0.00,	0.00,	0.00,	0.00,	0.00,	6.00,	3,	NULL,	'2023-12-06 00:00:00'),
(246,	1,	26,	'2023-12-06',	'13:02',	5,	81,	126,	4,	42,	1,	1.00,	0.00,	0.00,	2.00,	0.00,	0.00,	0.00,	0.00,	0.00,	0.00,	0.00,	0.00,	0.00,	0.00,	0.00,	3.00,	2,	NULL,	'2023-12-06 00:00:00'),
(247,	1,	26,	'2023-12-06',	'13:02',	5,	81,	126,	2,	40,	0,	5.00,	0.00,	0.00,	0.00,	0.00,	9.00,	0.00,	0.00,	0.00,	0.00,	0.00,	0.00,	0.00,	0.00,	0.00,	14.00,	2,	'<p>\r\n	test</p>\r\n',	'2023-12-06 00:00:00'),
(248,	2,	285,	'2023-12-07',	'11:02',	5,	89,	321,	13,	60,	1,	3.00,	0.00,	0.00,	0.00,	0.00,	0.00,	0.00,	0.00,	0.00,	0.00,	0.00,	0.00,	0.00,	0.00,	0.00,	3.00,	1,	NULL,	'2023-12-07 00:00:00'),
(249,	1,	1,	'2023-12-07',	'11:16',	5,	85,	227,	4,	52,	1,	80.00,	0.00,	0.00,	0.00,	0.00,	80.00,	0.00,	0.00,	0.00,	0.00,	0.00,	0.00,	0.00,	0.00,	0.00,	160.00,	2,	NULL,	'2023-12-07 00:00:00'),
(250,	1,	1,	'2023-12-07',	'11:16',	5,	85,	227,	2,	8,	0,	80.00,	0.00,	0.00,	0.00,	0.00,	0.00,	0.00,	0.00,	0.00,	0.00,	0.00,	0.00,	0.00,	0.00,	0.00,	80.00,	1,	NULL,	'2023-12-07 00:00:00'),
(251,	1,	1,	'2023-12-07',	'11:16',	5,	85,	227,	2,	21,	0,	83.00,	0.00,	0.00,	0.00,	0.00,	0.00,	0.00,	0.00,	0.00,	0.00,	0.00,	0.00,	0.00,	10.00,	0.00,	93.00,	2,	NULL,	'2023-12-07 00:00:00'),
(252,	1,	1,	'2023-12-07',	'11:31',	5,	85,	233,	3,	9,	1,	36.00,	0.00,	0.00,	0.00,	0.00,	0.00,	0.00,	0.00,	0.00,	0.00,	0.00,	0.00,	0.00,	0.00,	0.00,	36.00,	1,	NULL,	'2023-12-07 00:00:00'),
(253,	1,	1,	'2023-12-07',	'11:31',	5,	85,	258,	3,	4,	1,	0.00,	39.00,	0.00,	0.00,	0.00,	0.00,	0.00,	0.00,	0.00,	0.00,	0.00,	0.00,	0.00,	0.00,	0.00,	39.00,	1,	NULL,	'2023-12-07 00:00:00'),
(254,	1,	1,	'2023-12-07',	'11:31',	5,	85,	218,	3,	9,	1,	25.00,	0.00,	0.00,	0.00,	0.00,	0.00,	0.00,	0.00,	0.00,	0.00,	0.00,	0.00,	0.00,	0.00,	0.00,	25.00,	1,	NULL,	'2023-12-07 00:00:00'),
(255,	1,	1,	'2023-12-07',	'11:36',	5,	85,	233,	2,	8,	1,	12.00,	0.00,	0.00,	0.00,	0.00,	0.00,	0.00,	0.00,	0.00,	0.00,	0.00,	0.00,	0.00,	0.00,	0.00,	12.00,	1,	NULL,	'2023-12-07 00:00:00'),
(256,	1,	1,	'2023-12-07',	'11:36',	5,	85,	258,	3,	9,	1,	12.00,	0.00,	0.00,	0.00,	0.00,	0.00,	0.00,	0.00,	0.00,	0.00,	0.00,	0.00,	0.00,	0.00,	0.00,	12.00,	1,	NULL,	'2023-12-07 00:00:00'),
(257,	1,	1,	'2023-12-07',	'15:41',	5,	85,	227,	2,	3,	1,	85.00,	45.00,	85.00,	0.00,	0.00,	0.00,	0.00,	0.00,	0.00,	0.00,	0.00,	0.00,	0.00,	0.00,	0.00,	215.00,	3,	NULL,	'2023-12-07 00:00:00'),
(258,	1,	1,	'2023-12-07',	'15:41',	5,	85,	233,	2,	8,	1,	56.00,	56.00,	25.00,	0.00,	0.00,	0.00,	0.00,	0.00,	0.00,	0.00,	0.00,	0.00,	0.00,	0.00,	0.00,	137.00,	3,	NULL,	'2023-12-07 00:00:00'),
(259,	1,	1,	'2023-12-07',	'15:41',	5,	85,	233,	3,	9,	0,	45.00,	45.00,	96.00,	0.00,	0.00,	0.00,	0.00,	0.00,	0.00,	0.00,	0.00,	0.00,	0.00,	0.00,	0.00,	186.00,	3,	NULL,	'2023-12-07 00:00:00'),
(260,	1,	1,	'2023-12-07',	'15:41',	5,	85,	233,	4,	5,	0,	45.00,	45.00,	0.00,	0.00,	0.00,	0.00,	0.00,	0.00,	0.00,	0.00,	0.00,	0.00,	0.00,	0.00,	0.00,	90.00,	2,	NULL,	'2023-12-07 00:00:00'),
(261,	1,	1,	'2023-12-07',	'15:56',	5,	85,	227,	2,	3,	1,	56.00,	56.00,	45.00,	0.00,	0.00,	0.00,	0.00,	0.00,	0.00,	0.00,	0.00,	0.00,	0.00,	0.00,	0.00,	157.00,	3,	NULL,	'2023-12-07 00:00:00'),
(262,	1,	1,	'2023-12-07',	'15:56',	5,	85,	233,	2,	8,	1,	100.90,	100.40,	150.90,	0.00,	0.00,	0.00,	0.00,	0.00,	0.00,	0.00,	0.00,	0.00,	0.00,	0.00,	0.00,	352.20,	3,	NULL,	'2023-12-07 00:00:00'),
(263,	1,	1,	'2023-12-07',	'18:07',	5,	85,	216,	4,	42,	1,	18.53,	80.90,	125.08,	72.98,	120.90,	99.15,	153.99,	188.99,	173.44,	0.00,	0.00,	0.00,	0.00,	0.00,	0.00,	1033.96,	9,	NULL,	'2023-12-07 00:00:00'),
(264,	1,	1,	'2023-12-07',	'18:10',	5,	85,	218,	5,	6,	1,	100.90,	100.40,	150.90,	147.08,	158.99,	0.00,	0.00,	0.00,	0.00,	0.00,	0.00,	0.00,	0.00,	0.00,	0.00,	658.27,	5,	NULL,	'2023-12-07 00:00:00'),
(265,	1,	1,	'2023-12-07',	'18:10',	5,	85,	218,	4,	42,	0,	25.00,	150.05,	109.07,	108.99,	96.36,	58.14,	150.05,	80.96,	71.08,	85.08,	85.04,	45.85,	85.85,	15.95,	45.85,	1213.32,	15,	NULL,	'2023-12-07 00:00:00'),
(266,	1,	1,	'2023-12-07',	'18:10',	5,	85,	277,	4,	5,	1,	1585.00,	58.08,	25.85,	85.85,	58.84,	85.85,	0.00,	0.00,	0.00,	0.00,	0.00,	0.00,	0.00,	0.00,	0.00,	1899.47,	6,	NULL,	'2023-12-07 00:00:00'),
(267,	1,	1,	'2023-12-07',	'18:10',	5,	85,	277,	4,	10,	0,	25.85,	15.85,	25.96,	129.99,	0.00,	0.00,	0.00,	0.00,	0.00,	0.00,	0.00,	0.00,	0.00,	0.00,	0.00,	197.65,	4,	NULL,	'2023-12-07 00:00:00'),
(268,	1,	1,	'2023-12-07',	'18:10',	5,	85,	277,	5,	37,	0,	25.99,	25.96,	25.96,	25.96,	45.99,	122.99,	258.90,	0.00,	0.00,	0.00,	0.00,	0.00,	0.00,	0.00,	0.00,	531.75,	7,	NULL,	'2023-12-07 00:00:00'),
(269,	1,	1,	'2023-12-07',	'18:10',	5,	85,	267,	3,	29,	1,	25.96,	123.99,	132.99,	125.99,	145.09,	147.99,	125.99,	125.99,	0.00,	0.00,	0.00,	0.00,	0.00,	0.00,	0.00,	953.99,	8,	NULL,	'2023-12-07 00:00:00'),
(270,	1,	1,	'2023-12-07',	'18:10',	5,	85,	267,	3,	26,	0,	25.96,	125.99,	25.99,	25.99,	125.99,	0.00,	0.00,	0.00,	0.00,	0.00,	0.00,	0.00,	0.00,	0.00,	0.00,	329.92,	5,	NULL,	'2023-12-07 00:00:00'),
(271,	1,	1,	'2023-12-07',	'18:10',	5,	85,	267,	3,	9,	0,	259.88,	124.09,	125.52,	25.88,	149.04,	25.88,	123.87,	150.99,	0.00,	0.00,	0.00,	0.00,	0.00,	0.00,	0.00,	985.15,	8,	NULL,	'2023-12-07 00:00:00'),
(272,	1,	1,	'2023-12-07',	'18:10',	5,	85,	256,	4,	19,	1,	25.99,	369.99,	358.77,	25.12,	125.03,	0.00,	0.00,	0.00,	0.00,	0.00,	0.00,	0.00,	0.00,	0.00,	0.00,	904.90,	5,	NULL,	'2023-12-07 00:00:00'),
(273,	2,	285,	'2023-12-07',	'18:18',	5,	89,	286,	12,	38,	1,	100.90,	100.40,	1150.90,	147.08,	158.99,	0.00,	0.00,	0.00,	0.00,	0.00,	0.00,	0.00,	0.00,	0.00,	0.00,	1658.27,	5,	NULL,	'2023-12-07 00:00:00'),
(274,	2,	285,	'2023-12-07',	'18:18',	5,	89,	286,	12,	39,	0,	125.09,	142.80,	123.99,	125.70,	147.88,	123.71,	0.00,	0.00,	0.00,	0.00,	0.00,	0.00,	0.00,	0.00,	0.00,	789.17,	6,	NULL,	'2023-12-07 00:00:00'),
(275,	2,	285,	'2023-12-07',	'18:18',	5,	89,	286,	21,	49,	0,	123.99,	258.08,	124.01,	124.99,	125.99,	251.07,	125.08,	125.22,	0.00,	0.00,	0.00,	0.00,	0.00,	0.00,	0.00,	1258.43,	8,	NULL,	'2023-12-07 00:00:00'),
(276,	2,	285,	'2023-12-07',	'18:18',	5,	89,	321,	17,	54,	1,	258.63,	25.99,	23.99,	124.99,	254.02,	231.12,	0.00,	0.00,	0.00,	0.00,	0.00,	0.00,	0.00,	0.00,	0.00,	918.74,	6,	NULL,	'2023-12-07 00:00:00'),
(277,	2,	285,	'2023-12-07',	'18:18',	5,	89,	321,	12,	39,	0,	258.99,	124.99,	25.99,	124.99,	188.44,	133.99,	0.00,	0.00,	0.00,	0.00,	0.00,	0.00,	0.00,	0.00,	0.00,	857.39,	6,	NULL,	'2023-12-07 00:00:00'),
(278,	2,	285,	'2023-12-07',	'18:18',	5,	89,	321,	21,	69,	0,	213.88,	251.99,	124.99,	254.99,	251.99,	124.55,	0.00,	0.00,	0.00,	0.00,	0.00,	0.00,	0.00,	0.00,	0.00,	1222.39,	6,	NULL,	'2023-12-07 00:00:00'),
(279,	1,	1,	'2023-12-07',	'18:38',	5,	81,	227,	5,	1,	1,	100.90,	100.40,	150.90,	0.00,	0.00,	0.00,	0.00,	0.00,	0.00,	0.00,	0.00,	0.00,	0.00,	0.00,	0.00,	352.20,	3,	NULL,	'2023-12-07 00:00:00'),
(280,	1,	1,	'2024-02-05',	'17:16',	5,	85,	227,	2,	12,	1,	333.00,	777.00,	0.00,	0.00,	0.00,	0.00,	0.00,	0.00,	0.00,	0.00,	0.00,	0.00,	0.00,	0.00,	0.00,	1110.00,	2,	NULL,	'2024-02-05 00:00:00'),
(281,	1,	1,	'2024-02-05',	'13:16',	5,	85,	258,	2,	8,	1,	123.00,	369.00,	586.00,	125.00,	0.00,	0.00,	0.00,	0.00,	0.00,	0.00,	0.00,	0.00,	0.00,	0.00,	0.00,	1203.00,	4,	NULL,	'2024-02-05 00:00:00'),
(282,	1,	1,	'2024-02-05',	'14:34',	5,	85,	227,	2,	3,	1,	235.00,	258.00,	658.00,	0.00,	0.00,	0.00,	0.00,	0.00,	0.00,	0.00,	0.00,	0.00,	0.00,	0.00,	0.00,	1151.00,	3,	NULL,	'2024-02-05 00:00:00'),
(283,	1,	1,	'2024-02-06',	'02:38',	5,	85,	233,	1,	7,	1,	500.00,	499.00,	1.00,	34.00,	0.00,	0.00,	0.00,	0.00,	0.00,	0.00,	0.00,	0.00,	0.00,	0.00,	0.00,	1034.00,	4,	NULL,	'2024-02-05 00:00:00'),
(284,	1,	1,	'2024-02-06',	'03:14',	5,	85,	258,	1,	7,	1,	45.00,	443.00,	345.00,	324.00,	0.00,	0.00,	0.00,	0.00,	0.00,	0.00,	0.00,	0.00,	0.00,	0.00,	0.00,	1157.00,	4,	NULL,	'2024-02-05 00:00:00'),
(285,	1,	1,	'2024-02-06',	'12:43',	5,	85,	218,	2,	3,	1,	325.00,	569.00,	563.00,	566.00,	566.00,	0.00,	0.00,	0.00,	0.00,	0.00,	0.00,	0.00,	0.00,	0.00,	0.00,	2589.00,	5,	NULL,	'2024-02-06 00:00:00'),
(286,	1,	1,	'2024-02-03',	'01:49',	5,	85,	227,	3,	4,	1,	963.00,	452.00,	0.00,	0.00,	0.00,	0.00,	0.00,	0.00,	0.00,	0.00,	0.00,	0.00,	0.00,	0.00,	0.00,	1415.00,	2,	NULL,	'2024-02-07 00:00:00'),
(287,	1,	1,	'2024-02-04',	'12:40',	5,	85,	227,	2,	8,	1,	963.00,	123.00,	0.00,	0.00,	0.00,	0.00,	0.00,	0.00,	0.00,	0.00,	0.00,	0.00,	0.00,	0.00,	0.00,	1086.00,	2,	NULL,	'2024-02-07 00:00:00'),
(288,	1,	1,	'2024-02-04',	'12:40',	5,	85,	233,	3,	4,	1,	369.00,	963.00,	963.00,	0.00,	0.00,	0.00,	0.00,	0.00,	0.00,	0.00,	0.00,	0.00,	0.00,	0.00,	0.00,	2295.00,	3,	NULL,	'2024-02-07 00:00:00'),
(289,	1,	1,	'2024-02-04',	'12:40',	5,	85,	233,	2,	3,	0,	999.00,	5643.00,	0.00,	0.00,	0.00,	0.00,	0.00,	0.00,	0.00,	0.00,	0.00,	0.00,	0.00,	0.00,	0.00,	6642.00,	2,	NULL,	'2024-02-07 00:00:00'),
(290,	1,	1,	'2024-02-16',	'11:51',	5,	85,	228,	1,	2,	1,	100.00,	900.00,	1000.00,	2000.00,	500.00,	2000.00,	0.00,	0.00,	0.00,	0.00,	0.00,	0.00,	0.00,	0.00,	0.00,	6500.00,	6,	NULL,	'2024-02-16 00:00:00'),
(291,	1,	1,	'2024-02-16',	'11:58',	5,	85,	278,	1,	11,	1,	698.00,	568.00,	0.00,	0.00,	0.00,	0.00,	0.00,	0.00,	0.00,	0.00,	0.00,	0.00,	0.00,	0.00,	0.00,	1266.00,	2,	NULL,	'2024-02-16 00:00:00'),
(292,	1,	1,	'2024-02-03',	'19:43',	5,	85,	233,	3,	9,	1,	369.00,	369.00,	59.00,	0.00,	0.00,	0.00,	0.00,	0.00,	0.00,	0.00,	0.00,	0.00,	0.00,	0.00,	0.00,	797.00,	3,	NULL,	'2024-02-27 00:00:00'),
(293,	1,	1,	'2024-02-03',	'23:42',	5,	85,	258,	2,	8,	1,	564.00,	564.00,	0.00,	0.00,	0.00,	0.00,	0.00,	0.00,	0.00,	0.00,	0.00,	0.00,	0.00,	0.00,	0.00,	1128.00,	2,	NULL,	'2024-02-27 00:00:00'),
(294,	1,	1,	'2024-02-05',	'12:53',	5,	85,	3,	2,	40,	1,	1000.00,	1000.00,	5000.00,	0.00,	0.00,	0.00,	0.00,	0.00,	0.00,	0.00,	0.00,	0.00,	0.00,	0.00,	0.00,	7000.00,	3,	NULL,	'2024-02-29 00:00:00'),
(295,	1,	26,	'2024-02-05',	'08:19',	5,	85,	3,	2,	40,	1,	6666.00,	1000.00,	6666.00,	0.00,	0.00,	0.00,	0.00,	0.00,	0.00,	0.00,	0.00,	0.00,	0.00,	0.00,	0.00,	14332.00,	3,	NULL,	'2024-02-29 00:00:00'),
(296,	1,	1,	'2024-01-02',	'13:27',	5,	85,	6,	5,	6,	1,	5000.00,	5000.00,	0.00,	0.00,	0.00,	0.00,	0.00,	0.00,	0.00,	0.00,	0.00,	0.00,	0.00,	0.00,	0.00,	10000.00,	2,	NULL,	'2024-02-29 00:00:00'),
(297,	1,	26,	'2024-02-05',	'13:34',	5,	85,	227,	4,	5,	1,	10000.00,	10000.00,	0.00,	0.00,	0.00,	0.00,	0.00,	0.00,	0.00,	0.00,	0.00,	0.00,	0.00,	0.00,	0.00,	20000.00,	2,	NULL,	'2024-02-29 00:00:00'),
(298,	1,	26,	'2024-02-04',	'13:36',	5,	85,	233,	4,	5,	1,	20000.00,	20000.00,	0.00,	0.00,	0.00,	0.00,	0.00,	0.00,	0.00,	0.00,	0.00,	0.00,	0.00,	0.00,	0.00,	40000.00,	2,	NULL,	'2024-02-29 00:00:00'),
(299,	1,	1,	'2024-02-05',	'08:39',	5,	85,	227,	1,	7,	1,	254.00,	0.00,	0.00,	0.00,	0.00,	0.00,	0.00,	0.00,	0.00,	0.00,	0.00,	0.00,	0.00,	0.00,	0.00,	254.00,	1,	NULL,	'2024-02-29 00:00:00'),
(300,	1,	1,	'2024-02-04',	'13:39',	5,	85,	233,	2,	8,	1,	664.00,	0.00,	0.00,	0.00,	0.00,	0.00,	0.00,	0.00,	0.00,	0.00,	0.00,	0.00,	0.00,	0.00,	0.00,	664.00,	1,	NULL,	'2024-02-29 00:00:00'),
(301,	1,	26,	'2024-02-03',	'13:39',	5,	85,	258,	4,	5,	1,	30000.00,	30000.00,	0.00,	0.00,	0.00,	0.00,	0.00,	0.00,	0.00,	0.00,	0.00,	0.00,	0.00,	0.00,	0.00,	60000.00,	2,	NULL,	'2024-02-29 00:00:00'),
(302,	1,	1,	'2024-02-03',	'13:40',	5,	85,	258,	3,	13,	1,	154.00,	0.00,	0.00,	0.00,	0.00,	0.00,	0.00,	0.00,	0.00,	0.00,	0.00,	0.00,	0.00,	0.00,	0.00,	154.00,	1,	NULL,	'2024-02-29 00:00:00'),
(303,	1,	1,	'2024-02-05',	'13:40',	5,	85,	216,	2,	8,	1,	44.00,	0.00,	0.00,	0.00,	0.00,	0.00,	0.00,	0.00,	0.00,	0.00,	0.00,	0.00,	0.00,	0.00,	0.00,	44.00,	1,	NULL,	'2024-02-29 00:00:00'),
(304,	1,	26,	'2024-02-05',	'13:41',	5,	85,	216,	4,	10,	1,	5000.00,	10000.00,	0.00,	0.00,	0.00,	0.00,	0.00,	0.00,	0.00,	0.00,	0.00,	0.00,	0.00,	0.00,	0.00,	15000.00,	2,	NULL,	'2024-02-29 00:00:00'),
(305,	1,	1,	'2024-02-05',	'13:41',	5,	85,	218,	2,	12,	1,	45.00,	0.00,	0.00,	0.00,	0.00,	0.00,	0.00,	0.00,	0.00,	0.00,	0.00,	0.00,	0.00,	0.00,	0.00,	45.00,	1,	NULL,	'2024-02-29 00:00:00'),
(306,	1,	1,	'2024-01-04',	'13:45',	5,	85,	218,	3,	4,	1,	10000.00,	0.00,	0.00,	0.00,	0.00,	0.00,	0.00,	0.00,	0.00,	0.00,	0.00,	0.00,	0.00,	0.00,	0.00,	10000.00,	1,	NULL,	'2024-02-29 00:00:00'),
(307,	1,	1,	'2024-02-04',	'22:36',	5,	66,	227,	1,	7,	1,	968.00,	236.00,	0.00,	0.00,	0.00,	0.00,	0.00,	0.00,	0.00,	0.00,	0.00,	0.00,	0.00,	0.00,	0.00,	1204.00,	2,	NULL,	'2024-02-29 00:00:00'),
(308,	1,	1,	'2024-02-05',	'18:54',	5,	66,	233,	2,	8,	1,	2344.00,	0.00,	0.00,	0.00,	0.00,	0.00,	0.00,	0.00,	0.00,	0.00,	0.00,	0.00,	0.00,	0.00,	0.00,	2344.00,	1,	NULL,	'2024-02-29 00:00:00'),
(309,	1,	1,	'2024-02-05',	'18:54',	5,	66,	258,	2,	8,	1,	123456.00,	0.00,	0.00,	0.00,	0.00,	0.00,	0.00,	0.00,	0.00,	0.00,	0.00,	0.00,	0.00,	0.00,	0.00,	123456.00,	1,	NULL,	'2024-02-29 00:00:00'),
(310,	1,	1,	'2024-02-05',	'18:58',	5,	66,	216,	3,	51,	1,	999.00,	0.00,	0.00,	0.00,	0.00,	0.00,	0.00,	0.00,	0.00,	0.00,	0.00,	0.00,	0.00,	0.00,	0.00,	999.00,	1,	NULL,	'2024-02-29 00:00:00'),
(311,	1,	1,	'2024-02-05',	'18:59',	5,	66,	218,	2,	12,	1,	1234.00,	0.00,	0.00,	0.00,	0.00,	0.00,	0.00,	0.00,	0.00,	0.00,	0.00,	0.00,	0.00,	0.00,	0.00,	1234.00,	1,	NULL,	'2024-02-29 00:00:00'),
(312,	1,	1,	'2024-02-05',	'19:06',	5,	39,	258,	2,	8,	1,	345.00,	0.00,	0.00,	0.00,	0.00,	0.00,	0.00,	0.00,	0.00,	0.00,	0.00,	0.00,	0.00,	0.00,	0.00,	345.00,	1,	NULL,	'2024-02-29 00:00:00'),
(313,	1,	1,	'2024-02-05',	'19:07',	5,	39,	216,	2,	8,	1,	258.00,	0.00,	0.00,	0.00,	0.00,	0.00,	0.00,	0.00,	0.00,	0.00,	0.00,	0.00,	0.00,	0.00,	0.00,	258.00,	1,	NULL,	'2024-02-29 00:00:00'),
(314,	1,	26,	'2024-02-05',	'19:08',	5,	39,	227,	3,	4,	1,	345.00,	0.00,	0.00,	0.00,	0.00,	0.00,	0.00,	0.00,	0.00,	0.00,	0.00,	0.00,	0.00,	0.00,	0.00,	345.00,	1,	NULL,	'2024-02-29 00:00:00'),
(315,	1,	26,	'2024-02-05',	'19:09',	5,	39,	233,	4,	5,	1,	456.00,	0.00,	0.00,	0.00,	0.00,	0.00,	0.00,	0.00,	0.00,	0.00,	0.00,	0.00,	0.00,	0.00,	0.00,	456.00,	1,	NULL,	'2024-02-29 00:00:00'),
(316,	1,	26,	'2024-02-29',	'19:12',	5,	39,	218,	2,	8,	1,	34.00,	0.00,	0.00,	0.00,	0.00,	0.00,	0.00,	0.00,	0.00,	0.00,	0.00,	0.00,	0.00,	0.00,	0.00,	34.00,	1,	NULL,	'2024-02-29 00:00:00'),
(317,	1,	26,	'2024-02-01',	'19:13',	5,	39,	277,	2,	3,	1,	555.00,	678.00,	0.00,	0.00,	0.00,	0.00,	0.00,	0.00,	0.00,	0.00,	0.00,	0.00,	0.00,	0.00,	0.00,	1233.00,	2,	NULL,	'2024-02-29 00:00:00'),
(318,	1,	26,	'2024-02-29',	'09:40',	5,	85,	227,	4,	5,	1,	80000.00,	0.00,	0.00,	0.00,	0.00,	0.00,	0.00,	0.00,	0.00,	0.00,	0.00,	0.00,	0.00,	0.00,	0.00,	80000.00,	1,	NULL,	'2024-02-29 00:00:00'),
(319,	1,	26,	'2024-02-27',	'14:41',	5,	85,	233,	4,	5,	1,	10000.00,	0.00,	0.00,	0.00,	0.00,	0.00,	0.00,	0.00,	0.00,	0.00,	0.00,	0.00,	0.00,	0.00,	0.00,	10000.00,	1,	NULL,	'2024-02-29 00:00:00'),
(320,	1,	26,	'2024-02-29',	'09:43',	5,	85,	258,	4,	5,	1,	12345.00,	0.00,	0.00,	0.00,	0.00,	0.00,	0.00,	0.00,	0.00,	0.00,	0.00,	0.00,	0.00,	0.00,	0.00,	12345.00,	1,	NULL,	'2024-02-29 00:00:00'),
(321,	1,	26,	'2024-02-29',	'09:44',	5,	85,	216,	4,	5,	1,	12345.00,	0.00,	0.00,	0.00,	0.00,	0.00,	0.00,	0.00,	0.00,	0.00,	0.00,	0.00,	0.00,	0.00,	0.00,	12345.00,	1,	NULL,	'2024-02-29 00:00:00'),
(322,	1,	26,	'2024-02-29',	'09:45',	5,	85,	218,	4,	5,	1,	10000.00,	0.00,	0.00,	0.00,	0.00,	0.00,	0.00,	0.00,	0.00,	0.00,	0.00,	0.00,	0.00,	0.00,	0.00,	10000.00,	1,	NULL,	'2024-02-29 00:00:00'),
(323,	1,	26,	'2024-02-29',	'09:45',	5,	85,	277,	4,	5,	1,	2000.00,	0.00,	0.00,	0.00,	0.00,	0.00,	0.00,	0.00,	0.00,	0.00,	0.00,	0.00,	0.00,	0.00,	0.00,	2000.00,	1,	NULL,	'2024-02-29 00:00:00'),
(324,	1,	26,	'2024-02-29',	'09:46',	5,	85,	267,	4,	5,	1,	2000.00,	0.00,	0.00,	0.00,	0.00,	0.00,	0.00,	0.00,	0.00,	0.00,	0.00,	0.00,	0.00,	0.00,	0.00,	2000.00,	1,	NULL,	'2024-02-29 00:00:00'),
(325,	1,	26,	'2024-02-29',	'09:47',	5,	85,	256,	4,	5,	1,	1000.00,	0.00,	0.00,	0.00,	0.00,	0.00,	0.00,	0.00,	0.00,	0.00,	0.00,	0.00,	0.00,	0.00,	0.00,	1000.00,	1,	NULL,	'2024-02-29 00:00:00'),
(326,	1,	26,	'2024-02-29',	'09:48',	5,	85,	4,	4,	5,	1,	1000.00,	0.00,	0.00,	0.00,	0.00,	0.00,	0.00,	0.00,	0.00,	0.00,	0.00,	0.00,	0.00,	0.00,	0.00,	1000.00,	1,	NULL,	'2024-02-29 00:00:00'),
(327,	1,	26,	'2024-02-29',	'09:48',	5,	85,	265,	4,	5,	1,	900.00,	0.00,	0.00,	0.00,	0.00,	0.00,	0.00,	0.00,	0.00,	0.00,	0.00,	0.00,	0.00,	0.00,	0.00,	900.00,	1,	NULL,	'2024-02-29 00:00:00'),
(328,	1,	26,	'2024-02-29',	'09:49',	5,	85,	210,	4,	5,	1,	258.00,	0.00,	0.00,	0.00,	0.00,	0.00,	0.00,	0.00,	0.00,	0.00,	0.00,	0.00,	0.00,	0.00,	0.00,	258.00,	1,	NULL,	'2024-02-29 00:00:00'),
(329,	1,	26,	'2024-02-28',	'14:50',	5,	85,	85,	2,	12,	1,	569.00,	0.00,	0.00,	0.00,	0.00,	0.00,	0.00,	0.00,	0.00,	0.00,	0.00,	0.00,	0.00,	0.00,	0.00,	569.00,	1,	NULL,	'2024-02-29 00:00:00'),
(330,	1,	26,	'2024-02-29',	'09:53',	5,	85,	320,	4,	5,	1,	50.00,	0.00,	0.00,	0.00,	0.00,	0.00,	0.00,	0.00,	0.00,	0.00,	0.00,	0.00,	0.00,	0.00,	0.00,	50.00,	1,	NULL,	'2024-02-29 00:00:00'),
(331,	1,	26,	'2024-02-28',	'14:54',	5,	85,	30,	3,	4,	1,	12345.00,	0.00,	0.00,	0.00,	0.00,	0.00,	0.00,	0.00,	0.00,	0.00,	0.00,	0.00,	0.00,	0.00,	0.00,	12345.00,	1,	NULL,	'2024-02-29 00:00:00'),
(332,	1,	1,	'2024-02-29',	'10:12',	5,	85,	227,	4,	5,	1,	1992.00,	0.00,	0.00,	0.00,	0.00,	0.00,	0.00,	0.00,	0.00,	0.00,	0.00,	0.00,	0.00,	0.00,	0.00,	1992.00,	1,	NULL,	'2024-02-29 00:00:00'),
(333,	1,	1,	'2024-02-15',	'15:13',	5,	85,	233,	4,	5,	1,	1981.00,	0.00,	0.00,	0.00,	0.00,	0.00,	0.00,	0.00,	0.00,	0.00,	0.00,	0.00,	0.00,	0.00,	0.00,	1981.00,	1,	NULL,	'2024-02-29 00:00:00'),
(334,	1,	1,	'2024-02-29',	'10:16',	5,	85,	258,	4,	5,	1,	1981.00,	0.00,	0.00,	0.00,	0.00,	0.00,	0.00,	0.00,	0.00,	0.00,	0.00,	0.00,	0.00,	0.00,	0.00,	1981.00,	1,	NULL,	'2024-02-29 00:00:00'),
(335,	1,	1,	'2024-02-29',	'15:17',	5,	85,	216,	4,	14,	1,	2023.00,	0.00,	0.00,	0.00,	0.00,	0.00,	0.00,	0.00,	0.00,	0.00,	0.00,	0.00,	0.00,	0.00,	0.00,	2023.00,	1,	NULL,	'2024-02-29 00:00:00'),
(336,	1,	1,	'2024-02-29',	'16:07',	5,	85,	227,	1,	7,	1,	12345.00,	0.00,	0.00,	0.00,	0.00,	0.00,	0.00,	0.00,	0.00,	0.00,	0.00,	0.00,	0.00,	0.00,	0.00,	12345.00,	1,	NULL,	'2024-02-29 00:00:00'),
(337,	1,	1,	'2024-02-27',	'21:08',	5,	85,	233,	4,	10,	1,	10000.00,	0.00,	0.00,	0.00,	0.00,	0.00,	0.00,	0.00,	0.00,	0.00,	0.00,	0.00,	0.00,	0.00,	0.00,	10000.00,	1,	NULL,	'2024-02-29 00:00:00'),
(338,	1,	1,	'2024-02-29',	'16:09',	5,	85,	258,	4,	19,	1,	123456.00,	0.00,	0.00,	0.00,	0.00,	0.00,	0.00,	0.00,	0.00,	0.00,	0.00,	0.00,	0.00,	0.00,	0.00,	123456.00,	1,	NULL,	'2024-02-29 00:00:00'),
(339,	1,	1,	'2024-02-29',	'16:10',	5,	85,	216,	4,	19,	1,	9000.00,	0.00,	0.00,	0.00,	0.00,	0.00,	0.00,	0.00,	0.00,	0.00,	0.00,	0.00,	0.00,	0.00,	0.00,	9000.00,	1,	NULL,	'2024-02-29 00:00:00'),
(340,	1,	1,	'2024-02-29',	'16:11',	5,	85,	218,	4,	19,	1,	36.00,	0.00,	0.00,	0.00,	0.00,	0.00,	0.00,	0.00,	0.00,	0.00,	0.00,	0.00,	0.00,	0.00,	0.00,	36.00,	1,	NULL,	'2024-02-29 00:00:00'),
(341,	1,	1,	'2024-02-29',	'16:11',	5,	85,	277,	2,	8,	1,	36.00,	0.00,	0.00,	0.00,	0.00,	0.00,	0.00,	0.00,	0.00,	0.00,	0.00,	0.00,	0.00,	0.00,	0.00,	36.00,	1,	NULL,	'2024-02-29 00:00:00'),
(342,	1,	1,	'2024-02-29',	'16:12',	5,	85,	267,	4,	19,	1,	11.00,	0.00,	0.00,	0.00,	0.00,	0.00,	0.00,	0.00,	0.00,	0.00,	0.00,	0.00,	0.00,	0.00,	0.00,	11.00,	1,	NULL,	'2024-02-29 00:00:00'),
(343,	1,	1,	'2024-02-29',	'16:12',	5,	85,	256,	4,	19,	1,	55.00,	0.00,	0.00,	0.00,	0.00,	0.00,	0.00,	0.00,	0.00,	0.00,	0.00,	0.00,	0.00,	0.00,	0.00,	55.00,	1,	NULL,	'2024-02-29 00:00:00'),
(344,	1,	1,	'2024-02-29',	'16:13',	5,	85,	4,	3,	9,	1,	666.00,	0.00,	0.00,	0.00,	0.00,	0.00,	0.00,	0.00,	0.00,	0.00,	0.00,	0.00,	0.00,	0.00,	0.00,	666.00,	1,	NULL,	'2024-02-29 00:00:00'),
(345,	1,	1,	'2024-02-29',	'16:13',	5,	85,	271,	1,	2,	1,	22.00,	0.00,	0.00,	0.00,	0.00,	0.00,	0.00,	0.00,	0.00,	0.00,	0.00,	0.00,	0.00,	0.00,	0.00,	22.00,	1,	NULL,	'2024-02-29 00:00:00'),
(346,	1,	26,	'2024-02-29',	'16:14',	5,	85,	265,	1,	11,	1,	11.00,	0.00,	0.00,	0.00,	0.00,	0.00,	0.00,	0.00,	0.00,	0.00,	0.00,	0.00,	0.00,	0.00,	0.00,	11.00,	1,	NULL,	'2024-02-29 00:00:00'),
(347,	1,	26,	'2024-02-29',	'16:15',	5,	85,	210,	1,	2,	1,	96.00,	0.00,	0.00,	0.00,	0.00,	0.00,	0.00,	0.00,	0.00,	0.00,	0.00,	0.00,	0.00,	0.00,	0.00,	96.00,	1,	NULL,	'2024-02-29 00:00:00'),
(348,	1,	1,	'2024-02-29',	'22:31',	5,	39,	320,	2,	8,	1,	65.00,	0.00,	0.00,	0.00,	0.00,	0.00,	0.00,	0.00,	0.00,	0.00,	0.00,	0.00,	0.00,	0.00,	0.00,	65.00,	1,	NULL,	'2024-02-29 00:00:00'),
(349,	1,	1,	'2024-02-29',	'23:06',	5,	39,	30,	3,	41,	1,	223.00,	0.00,	0.00,	0.00,	0.00,	0.00,	0.00,	0.00,	0.00,	0.00,	0.00,	0.00,	0.00,	0.00,	0.00,	223.00,	1,	NULL,	'2024-02-29 00:00:00'),
(350,	1,	1,	'2024-02-29',	'23:14',	5,	39,	2,	3,	4,	1,	2345.00,	0.00,	0.00,	0.00,	0.00,	0.00,	0.00,	0.00,	0.00,	0.00,	0.00,	0.00,	0.00,	0.00,	0.00,	2345.00,	1,	NULL,	'2024-02-29 00:00:00'),
(351,	1,	1,	'2024-02-06',	'23:15',	5,	39,	28,	2,	8,	1,	987.00,	0.00,	0.00,	0.00,	0.00,	0.00,	0.00,	0.00,	0.00,	0.00,	0.00,	0.00,	0.00,	0.00,	0.00,	987.00,	1,	NULL,	'2024-02-29 00:00:00'),
(352,	1,	1,	'2024-02-29',	'23:16',	5,	39,	273,	2,	3,	1,	241.00,	0.00,	0.00,	0.00,	0.00,	0.00,	0.00,	0.00,	0.00,	0.00,	0.00,	0.00,	0.00,	0.00,	0.00,	241.00,	1,	NULL,	'2024-02-29 00:00:00'),
(353,	1,	1,	'2024-02-29',	'23:22',	5,	39,	27,	3,	13,	1,	3223.00,	0.00,	0.00,	0.00,	0.00,	0.00,	0.00,	0.00,	0.00,	0.00,	0.00,	0.00,	0.00,	0.00,	0.00,	3223.00,	1,	NULL,	'2024-02-29 00:00:00'),
(354,	1,	1,	'2024-02-01',	'23:23',	5,	39,	6,	1,	11,	1,	999.00,	0.00,	0.00,	0.00,	0.00,	0.00,	0.00,	0.00,	0.00,	0.00,	0.00,	0.00,	0.00,	0.00,	0.00,	999.00,	1,	NULL,	'2024-02-29 00:00:00'),
(355,	1,	1,	'2024-02-29',	'23:24',	5,	39,	249,	2,	12,	1,	888.00,	0.00,	0.00,	0.00,	0.00,	0.00,	0.00,	0.00,	0.00,	0.00,	0.00,	0.00,	0.00,	0.00,	0.00,	888.00,	1,	NULL,	'2024-02-29 00:00:00'),
(356,	1,	1,	'2024-02-29',	'23:26',	5,	39,	254,	1,	7,	1,	777.00,	0.00,	0.00,	0.00,	0.00,	0.00,	0.00,	0.00,	0.00,	0.00,	0.00,	0.00,	0.00,	0.00,	0.00,	777.00,	1,	NULL,	'2024-02-29 00:00:00'),
(357,	1,	1,	'2024-02-19',	'23:29',	5,	39,	222,	4,	19,	1,	6666.00,	0.00,	0.00,	0.00,	0.00,	0.00,	0.00,	0.00,	0.00,	0.00,	0.00,	0.00,	0.00,	0.00,	0.00,	6666.00,	1,	NULL,	'2024-02-29 00:00:00'),
(358,	1,	26,	'2024-02-29',	'23:43',	5,	39,	267,	2,	8,	1,	324.00,	0.00,	0.00,	0.00,	0.00,	0.00,	0.00,	0.00,	0.00,	0.00,	0.00,	0.00,	0.00,	0.00,	0.00,	324.00,	1,	NULL,	'2024-02-29 00:00:00'),
(359,	1,	26,	'2024-03-01',	'00:16',	5,	39,	256,	3,	18,	1,	65.00,	0.00,	432.00,	0.00,	0.00,	0.00,	0.00,	0.00,	0.00,	0.00,	0.00,	0.00,	0.00,	0.00,	0.00,	497.00,	2,	NULL,	'2024-02-29 00:00:00'),
(360,	1,	26,	'2024-02-20',	'00:18',	5,	39,	4,	1,	7,	1,	11.00,	1.00,	0.00,	0.00,	0.00,	0.00,	0.00,	0.00,	0.00,	0.00,	0.00,	0.00,	0.00,	0.00,	0.00,	12.00,	2,	NULL,	'2024-02-29 00:00:00'),
(361,	1,	26,	'2024-03-01',	'00:19',	5,	39,	265,	2,	8,	1,	22.00,	78.00,	0.00,	0.00,	0.00,	0.00,	0.00,	0.00,	0.00,	0.00,	0.00,	0.00,	0.00,	0.00,	0.00,	100.00,	2,	NULL,	'2024-02-29 00:00:00'),
(362,	1,	1,	'2024-02-29',	'19:45',	5,	85,	227,	3,	4,	1,	22.00,	78.00,	0.00,	0.00,	0.00,	0.00,	0.00,	0.00,	0.00,	0.00,	0.00,	0.00,	0.00,	0.00,	0.00,	100.00,	2,	NULL,	'2024-02-29 00:00:00'),
(363,	1,	1,	'2024-02-29',	'19:46',	5,	85,	233,	2,	12,	1,	22.00,	33.00,	44.00,	0.00,	0.00,	0.00,	0.00,	0.00,	0.00,	0.00,	0.00,	0.00,	0.00,	0.00,	0.00,	99.00,	3,	NULL,	'2024-02-29 00:00:00'),
(364,	1,	1,	'2024-02-26',	'00:47',	5,	85,	258,	2,	12,	1,	23.00,	25.00,	25.00,	0.00,	0.00,	0.00,	0.00,	0.00,	0.00,	0.00,	0.00,	0.00,	0.00,	0.00,	0.00,	73.00,	3,	NULL,	'2024-02-29 00:00:00'),
(365,	1,	1,	'2024-02-29',	'19:49',	5,	85,	216,	3,	4,	1,	21.00,	69.00,	36.00,	0.00,	0.00,	0.00,	0.00,	0.00,	0.00,	0.00,	0.00,	0.00,	0.00,	0.00,	0.00,	126.00,	3,	NULL,	'2024-02-29 00:00:00'),
(366,	1,	1,	'2024-02-29',	'19:50',	5,	85,	218,	2,	12,	1,	22.00,	0.00,	0.00,	0.00,	0.00,	0.00,	0.00,	0.00,	0.00,	0.00,	0.00,	0.00,	0.00,	0.00,	0.00,	22.00,	1,	NULL,	'2024-02-29 00:00:00'),
(367,	1,	1,	'2024-02-29',	'19:51',	5,	85,	277,	4,	14,	1,	96.00,	0.00,	0.00,	0.00,	0.00,	0.00,	0.00,	0.00,	0.00,	0.00,	0.00,	0.00,	0.00,	0.00,	0.00,	96.00,	1,	NULL,	'2024-02-29 00:00:00'),
(368,	1,	1,	'2024-02-29',	'19:51',	5,	85,	267,	3,	9,	1,	23.00,	0.00,	0.00,	0.00,	0.00,	0.00,	0.00,	0.00,	0.00,	0.00,	0.00,	0.00,	0.00,	0.00,	0.00,	23.00,	1,	NULL,	'2024-02-29 00:00:00'),
(369,	1,	1,	'2024-02-25',	'00:52',	5,	85,	256,	3,	13,	1,	99.00,	0.00,	0.00,	0.00,	0.00,	0.00,	0.00,	0.00,	0.00,	0.00,	0.00,	0.00,	0.00,	0.00,	0.00,	99.00,	1,	NULL,	'2024-02-29 00:00:00'),
(370,	1,	1,	'2024-02-25',	'00:52',	5,	85,	4,	4,	10,	1,	34.00,	0.00,	0.00,	0.00,	0.00,	0.00,	0.00,	0.00,	0.00,	0.00,	0.00,	0.00,	0.00,	0.00,	0.00,	34.00,	1,	NULL,	'2024-02-29 00:00:00'),
(371,	1,	1,	'2024-02-04',	'00:53',	5,	85,	265,	3,	9,	1,	23.00,	0.00,	0.00,	0.00,	0.00,	0.00,	0.00,	0.00,	0.00,	0.00,	0.00,	0.00,	0.00,	0.00,	0.00,	23.00,	1,	NULL,	'2024-02-29 00:00:00'),
(372,	1,	1,	'2024-02-29',	'19:55',	5,	85,	210,	3,	9,	1,	36.00,	0.00,	0.00,	0.00,	0.00,	0.00,	0.00,	0.00,	0.00,	0.00,	0.00,	0.00,	0.00,	0.00,	0.00,	36.00,	1,	NULL,	'2024-02-29 00:00:00'),
(373,	1,	1,	'2024-02-29',	'19:55',	5,	85,	85,	4,	10,	1,	234.00,	0.00,	0.00,	0.00,	0.00,	0.00,	0.00,	0.00,	0.00,	0.00,	0.00,	0.00,	0.00,	0.00,	0.00,	234.00,	1,	NULL,	'2024-02-29 00:00:00'),
(374,	1,	1,	'2024-02-29',	'19:58',	5,	85,	320,	2,	8,	1,	111.00,	0.00,	0.00,	0.00,	0.00,	0.00,	0.00,	0.00,	0.00,	0.00,	0.00,	0.00,	0.00,	0.00,	0.00,	111.00,	1,	NULL,	'2024-02-29 00:00:00'),
(375,	1,	1,	'2024-02-01',	'01:01',	5,	85,	30,	3,	13,	1,	16.00,	0.00,	0.00,	0.00,	0.00,	0.00,	0.00,	0.00,	0.00,	0.00,	0.00,	0.00,	0.00,	0.00,	0.00,	16.00,	1,	NULL,	'2024-02-29 00:00:00'),
(376,	1,	1,	'2024-02-29',	'20:01',	5,	85,	2,	2,	8,	1,	123.00,	0.00,	0.00,	0.00,	0.00,	0.00,	0.00,	0.00,	0.00,	0.00,	0.00,	0.00,	0.00,	0.00,	0.00,	123.00,	1,	NULL,	'2024-02-29 00:00:00'),
(377,	1,	1,	'2024-02-29',	'20:02',	5,	85,	28,	3,	9,	1,	222.00,	0.00,	0.00,	0.00,	0.00,	0.00,	0.00,	0.00,	0.00,	0.00,	0.00,	0.00,	0.00,	0.00,	0.00,	222.00,	1,	NULL,	'2024-02-29 00:00:00'),
(378,	1,	1,	'2024-02-29',	'20:03',	5,	85,	273,	3,	9,	1,	111.00,	0.00,	0.00,	0.00,	0.00,	0.00,	0.00,	0.00,	0.00,	0.00,	0.00,	0.00,	0.00,	0.00,	0.00,	111.00,	1,	NULL,	'2024-02-29 00:00:00'),
(379,	1,	1,	'2024-02-29',	'20:03',	5,	85,	27,	4,	42,	1,	222.00,	0.00,	0.00,	0.00,	0.00,	0.00,	0.00,	0.00,	0.00,	0.00,	0.00,	0.00,	0.00,	0.00,	0.00,	222.00,	1,	NULL,	'2024-02-29 00:00:00'),
(380,	1,	1,	'2024-02-29',	'21:14',	5,	85,	227,	2,	8,	1,	12.00,	12.00,	0.00,	0.00,	0.00,	0.00,	0.00,	0.00,	0.00,	0.00,	0.00,	0.00,	0.00,	0.00,	0.00,	24.00,	2,	NULL,	'2024-02-29 00:00:00'),
(381,	1,	1,	'2024-02-17',	'02:17',	5,	85,	233,	3,	9,	1,	36.00,	23.00,	0.00,	0.00,	0.00,	0.00,	0.00,	0.00,	0.00,	0.00,	0.00,	0.00,	0.00,	0.00,	0.00,	59.00,	2,	NULL,	'2024-02-29 00:00:00'),
(382,	1,	1,	'2024-02-29',	'21:18',	5,	85,	258,	3,	9,	1,	36.00,	0.00,	0.00,	0.00,	0.00,	0.00,	0.00,	0.00,	0.00,	0.00,	0.00,	0.00,	0.00,	0.00,	0.00,	36.00,	1,	NULL,	'2024-02-29 00:00:00'),
(383,	1,	1,	'2024-02-29',	'21:18',	5,	85,	216,	3,	9,	1,	333.00,	0.00,	0.00,	0.00,	0.00,	0.00,	0.00,	0.00,	0.00,	0.00,	0.00,	0.00,	0.00,	0.00,	0.00,	333.00,	1,	NULL,	'2024-02-29 00:00:00'),
(384,	1,	1,	'2024-02-29',	'21:29',	5,	85,	218,	2,	8,	1,	36.00,	0.00,	0.00,	0.00,	0.00,	0.00,	0.00,	0.00,	0.00,	0.00,	0.00,	0.00,	0.00,	0.00,	0.00,	36.00,	1,	NULL,	'2024-02-29 00:00:00'),
(385,	1,	1,	'2024-02-29',	'21:30',	5,	85,	277,	3,	9,	1,	33.00,	0.00,	0.00,	0.00,	0.00,	0.00,	0.00,	0.00,	0.00,	0.00,	0.00,	0.00,	0.00,	0.00,	0.00,	33.00,	1,	NULL,	'2024-02-29 00:00:00'),
(386,	1,	1,	'2024-02-29',	'21:30',	5,	85,	267,	1,	7,	1,	25.00,	0.00,	0.00,	0.00,	0.00,	0.00,	0.00,	0.00,	0.00,	0.00,	0.00,	0.00,	0.00,	0.00,	0.00,	25.00,	1,	NULL,	'2024-02-29 00:00:00'),
(387,	1,	1,	'2024-02-29',	'21:31',	5,	85,	256,	2,	12,	1,	99.00,	0.00,	0.00,	0.00,	0.00,	0.00,	0.00,	0.00,	0.00,	0.00,	0.00,	0.00,	0.00,	0.00,	0.00,	99.00,	1,	NULL,	'2024-02-29 00:00:00'),
(388,	1,	1,	'2024-02-29',	'21:31',	5,	85,	4,	3,	9,	1,	88.00,	0.00,	0.00,	0.00,	0.00,	0.00,	0.00,	0.00,	0.00,	0.00,	0.00,	0.00,	0.00,	0.00,	0.00,	88.00,	1,	NULL,	'2024-02-29 00:00:00'),
(389,	1,	1,	'2024-02-29',	'22:18',	5,	85,	265,	2,	3,	1,	36.00,	0.00,	0.00,	0.00,	0.00,	0.00,	0.00,	0.00,	0.00,	0.00,	0.00,	0.00,	0.00,	0.00,	0.00,	36.00,	1,	NULL,	'2024-02-29 00:00:00'),
(390,	1,	1,	'2024-02-06',	'03:27',	5,	85,	210,	2,	17,	1,	963.00,	0.00,	0.00,	0.00,	0.00,	0.00,	0.00,	0.00,	0.00,	0.00,	0.00,	0.00,	0.00,	0.00,	0.00,	963.00,	1,	NULL,	'2024-02-29 00:00:00'),
(391,	1,	1,	'2024-02-29',	'22:28',	5,	85,	85,	4,	10,	1,	3.00,	0.00,	0.00,	0.00,	0.00,	0.00,	0.00,	0.00,	0.00,	0.00,	0.00,	0.00,	0.00,	0.00,	0.00,	3.00,	1,	NULL,	'2024-02-29 00:00:00'),
(392,	1,	1,	'2024-02-29',	'22:29',	5,	85,	320,	3,	9,	1,	456.00,	0.00,	0.00,	0.00,	0.00,	0.00,	0.00,	0.00,	0.00,	0.00,	0.00,	0.00,	0.00,	0.00,	0.00,	456.00,	1,	NULL,	'2024-02-29 00:00:00'),
(393,	1,	1,	'2024-02-29',	'22:29',	5,	85,	30,	4,	5,	1,	236.00,	0.00,	0.00,	0.00,	0.00,	0.00,	0.00,	0.00,	0.00,	0.00,	0.00,	0.00,	0.00,	0.00,	0.00,	236.00,	1,	NULL,	'2024-02-29 00:00:00'),
(394,	1,	1,	'2024-02-29',	'22:34',	5,	85,	2,	2,	8,	1,	123.00,	0.00,	0.00,	0.00,	0.00,	0.00,	0.00,	0.00,	0.00,	0.00,	0.00,	0.00,	0.00,	0.00,	0.00,	123.00,	1,	NULL,	'2024-02-29 00:00:00'),
(395,	1,	1,	'2024-02-29',	'22:34',	5,	85,	28,	2,	8,	1,	456.00,	0.00,	0.00,	0.00,	0.00,	0.00,	0.00,	0.00,	0.00,	0.00,	0.00,	0.00,	0.00,	0.00,	0.00,	456.00,	1,	NULL,	'2024-02-29 00:00:00'),
(396,	1,	1,	'2024-02-29',	'22:53',	5,	81,	227,	3,	9,	1,	123.00,	0.00,	0.00,	0.00,	0.00,	0.00,	0.00,	0.00,	0.00,	0.00,	0.00,	0.00,	0.00,	0.00,	0.00,	123.00,	1,	NULL,	'2024-02-29 00:00:00'),
(397,	1,	1,	'2024-02-29',	'22:53',	5,	81,	233,	2,	8,	1,	123.00,	0.00,	0.00,	0.00,	0.00,	0.00,	0.00,	0.00,	0.00,	0.00,	0.00,	0.00,	0.00,	0.00,	0.00,	123.00,	1,	NULL,	'2024-02-29 00:00:00'),
(398,	1,	1,	'2024-02-01',	'04:03',	5,	81,	258,	3,	9,	1,	236.00,	123.00,	0.00,	0.00,	0.00,	0.00,	0.00,	0.00,	0.00,	0.00,	0.00,	0.00,	0.00,	0.00,	0.00,	359.00,	2,	NULL,	'2024-02-29 00:00:00'),
(399,	1,	1,	'2024-02-29',	'23:07',	5,	81,	216,	3,	9,	1,	123.00,	123.00,	0.00,	0.00,	0.00,	0.00,	0.00,	0.00,	0.00,	0.00,	0.00,	0.00,	0.00,	0.00,	0.00,	246.00,	2,	NULL,	'2024-02-29 00:00:00'),
(400,	1,	1,	'2024-02-29',	'23:08',	5,	81,	218,	2,	3,	1,	333.00,	0.00,	0.00,	0.00,	0.00,	0.00,	0.00,	0.00,	0.00,	0.00,	0.00,	0.00,	0.00,	0.00,	0.00,	333.00,	1,	NULL,	'2024-02-29 00:00:00'),
(401,	1,	1,	'2024-02-09',	'04:09',	5,	81,	277,	4,	10,	1,	111.00,	0.00,	0.00,	0.00,	0.00,	0.00,	0.00,	0.00,	0.00,	0.00,	0.00,	0.00,	0.00,	0.00,	0.00,	111.00,	1,	NULL,	'2024-02-29 00:00:00'),
(402,	1,	1,	'2024-02-29',	'04:10',	5,	81,	267,	2,	8,	1,	222.00,	0.00,	0.00,	0.00,	0.00,	0.00,	0.00,	0.00,	0.00,	0.00,	0.00,	0.00,	0.00,	0.00,	0.00,	222.00,	1,	NULL,	'2024-02-29 00:00:00'),
(403,	1,	1,	'2024-02-29',	'23:11',	5,	81,	256,	4,	10,	1,	777.00,	0.00,	0.00,	0.00,	0.00,	0.00,	0.00,	0.00,	0.00,	0.00,	0.00,	0.00,	0.00,	0.00,	0.00,	777.00,	1,	NULL,	'2024-02-29 00:00:00'),
(404,	1,	1,	'2024-02-06',	'04:11',	5,	81,	4,	4,	5,	1,	555.00,	0.00,	0.00,	0.00,	0.00,	0.00,	0.00,	0.00,	0.00,	0.00,	0.00,	0.00,	0.00,	0.00,	0.00,	555.00,	1,	NULL,	'2024-02-29 00:00:00'),
(405,	1,	1,	'2024-02-29',	'23:12',	5,	81,	265,	3,	9,	1,	444.00,	0.00,	0.00,	0.00,	0.00,	0.00,	0.00,	0.00,	0.00,	0.00,	0.00,	0.00,	0.00,	0.00,	0.00,	444.00,	1,	NULL,	'2024-02-29 00:00:00'),
(406,	1,	1,	'2024-02-29',	'23:13',	5,	81,	210,	2,	3,	1,	999.00,	0.00,	0.00,	0.00,	0.00,	0.00,	0.00,	0.00,	0.00,	0.00,	0.00,	0.00,	0.00,	0.00,	0.00,	999.00,	1,	NULL,	'2024-02-29 00:00:00'),
(407,	1,	1,	'2024-02-08',	'04:13',	5,	81,	85,	3,	13,	1,	333.00,	0.00,	0.00,	0.00,	0.00,	0.00,	0.00,	0.00,	0.00,	0.00,	0.00,	0.00,	0.00,	0.00,	0.00,	333.00,	1,	NULL,	'2024-02-29 00:00:00'),
(408,	1,	1,	'2024-02-29',	'23:15',	5,	81,	320,	4,	14,	1,	444.00,	0.00,	0.00,	0.00,	0.00,	0.00,	0.00,	0.00,	0.00,	0.00,	0.00,	0.00,	0.00,	0.00,	0.00,	444.00,	1,	NULL,	'2024-02-29 00:00:00'),
(409,	1,	1,	'2024-02-01',	'04:15',	5,	81,	30,	3,	13,	1,	222.00,	0.00,	0.00,	0.00,	0.00,	0.00,	0.00,	0.00,	0.00,	0.00,	0.00,	0.00,	0.00,	0.00,	0.00,	222.00,	1,	NULL,	'2024-02-29 00:00:00'),
(410,	1,	1,	'2024-02-29',	'23:16',	5,	81,	2,	3,	18,	1,	111.00,	0.00,	0.00,	0.00,	0.00,	0.00,	0.00,	0.00,	0.00,	0.00,	0.00,	0.00,	0.00,	0.00,	0.00,	111.00,	1,	NULL,	'2024-02-29 00:00:00'),
(411,	1,	1,	'2024-02-01',	'04:17',	5,	81,	28,	3,	9,	1,	999.00,	0.00,	0.00,	0.00,	0.00,	0.00,	0.00,	0.00,	0.00,	0.00,	0.00,	0.00,	0.00,	0.00,	0.00,	999.00,	1,	NULL,	'2024-02-29 00:00:00'),
(412,	1,	1,	'2024-02-29',	'23:23',	5,	85,	273,	2,	3,	1,	111.00,	0.00,	0.00,	0.00,	0.00,	0.00,	0.00,	0.00,	0.00,	0.00,	0.00,	0.00,	0.00,	0.00,	0.00,	111.00,	1,	NULL,	'2024-02-29 00:00:00'),
(413,	1,	1,	'2024-02-20',	'04:24',	5,	85,	27,	4,	10,	1,	222.00,	0.00,	0.00,	0.00,	0.00,	0.00,	0.00,	0.00,	0.00,	0.00,	0.00,	0.00,	0.00,	0.00,	0.00,	222.00,	1,	NULL,	'2024-02-29 00:00:00'),
(414,	1,	1,	'2024-02-29',	'23:24',	5,	85,	6,	3,	4,	1,	333.00,	0.00,	0.00,	0.00,	0.00,	0.00,	0.00,	0.00,	0.00,	0.00,	0.00,	0.00,	0.00,	0.00,	0.00,	333.00,	1,	NULL,	'2024-02-29 00:00:00'),
(415,	1,	1,	'2024-02-25',	'04:25',	5,	85,	249,	3,	9,	1,	444.00,	0.00,	0.00,	0.00,	0.00,	0.00,	0.00,	0.00,	0.00,	0.00,	0.00,	0.00,	0.00,	0.00,	0.00,	444.00,	1,	NULL,	'2024-02-29 00:00:00'),
(416,	1,	1,	'2024-02-29',	'23:25',	5,	85,	254,	3,	9,	1,	555.00,	0.00,	0.00,	0.00,	0.00,	0.00,	0.00,	0.00,	0.00,	0.00,	0.00,	0.00,	0.00,	0.00,	0.00,	555.00,	1,	NULL,	'2024-02-29 00:00:00'),
(417,	1,	1,	'2024-02-18',	'04:25',	5,	85,	222,	3,	9,	1,	666.00,	0.00,	0.00,	0.00,	0.00,	0.00,	0.00,	0.00,	0.00,	0.00,	0.00,	0.00,	0.00,	0.00,	0.00,	666.00,	1,	NULL,	'2024-02-29 00:00:00'),
(418,	1,	1,	'2024-02-29',	'23:26',	5,	85,	228,	3,	9,	1,	777.00,	0.00,	0.00,	0.00,	0.00,	0.00,	0.00,	0.00,	0.00,	0.00,	0.00,	0.00,	0.00,	0.00,	0.00,	777.00,	1,	NULL,	'2024-02-29 00:00:00'),
(419,	1,	1,	'2024-02-13',	'04:26',	5,	85,	278,	3,	4,	1,	888.00,	0.00,	0.00,	0.00,	0.00,	0.00,	0.00,	0.00,	0.00,	0.00,	0.00,	0.00,	0.00,	0.00,	0.00,	888.00,	1,	NULL,	'2024-02-29 00:00:00'),
(420,	1,	1,	'2024-02-29',	'23:27',	5,	85,	126,	3,	4,	1,	999.00,	0.00,	0.00,	0.00,	0.00,	0.00,	0.00,	0.00,	0.00,	0.00,	0.00,	0.00,	0.00,	0.00,	0.00,	999.00,	1,	NULL,	'2024-02-29 00:00:00'),
(421,	1,	1,	'2024-02-29',	'23:41',	5,	85,	211,	2,	8,	1,	111.00,	0.00,	0.00,	0.00,	0.00,	0.00,	0.00,	0.00,	0.00,	0.00,	0.00,	0.00,	0.00,	0.00,	0.00,	111.00,	1,	NULL,	'2024-02-29 00:00:00'),
(422,	1,	1,	'2024-02-20',	'04:41',	5,	85,	253,	4,	5,	1,	222.00,	0.00,	0.00,	0.00,	0.00,	0.00,	0.00,	0.00,	0.00,	0.00,	0.00,	0.00,	0.00,	0.00,	0.00,	222.00,	1,	NULL,	'2024-02-29 00:00:00'),
(423,	1,	1,	'2024-02-29',	'23:51',	5,	85,	281,	3,	9,	1,	333.00,	0.00,	0.00,	0.00,	0.00,	0.00,	0.00,	0.00,	0.00,	0.00,	0.00,	0.00,	0.00,	0.00,	0.00,	333.00,	1,	NULL,	'2024-02-29 00:00:00'),
(424,	1,	1,	'2024-02-25',	'04:51',	5,	85,	248,	4,	5,	1,	444.00,	0.00,	0.00,	0.00,	0.00,	0.00,	0.00,	0.00,	0.00,	0.00,	0.00,	0.00,	0.00,	0.00,	0.00,	444.00,	1,	NULL,	'2024-02-29 00:00:00'),
(425,	1,	1,	'2024-02-29',	'23:51',	5,	85,	279,	3,	51,	1,	555.00,	0.00,	0.00,	0.00,	0.00,	0.00,	0.00,	0.00,	0.00,	0.00,	0.00,	0.00,	0.00,	0.00,	0.00,	555.00,	1,	NULL,	'2024-02-29 00:00:00'),
(426,	1,	1,	'2024-02-18',	'04:52',	5,	85,	187,	3,	9,	1,	666.00,	0.00,	0.00,	0.00,	0.00,	0.00,	0.00,	0.00,	0.00,	0.00,	0.00,	0.00,	0.00,	0.00,	0.00,	666.00,	1,	NULL,	'2024-02-29 00:00:00'),
(427,	1,	1,	'2024-02-29',	'23:52',	5,	85,	245,	4,	10,	1,	777.00,	0.00,	0.00,	0.00,	0.00,	0.00,	0.00,	0.00,	0.00,	0.00,	0.00,	0.00,	0.00,	0.00,	0.00,	777.00,	1,	NULL,	'2024-02-29 00:00:00'),
(428,	1,	1,	'2024-02-13',	'04:53',	5,	85,	271,	3,	9,	1,	888.00,	0.00,	0.00,	0.00,	0.00,	0.00,	0.00,	0.00,	0.00,	0.00,	0.00,	0.00,	0.00,	0.00,	0.00,	888.00,	1,	NULL,	'2024-02-29 00:00:00'),
(429,	1,	1,	'2024-02-29',	'23:53',	5,	85,	270,	3,	9,	1,	999.00,	0.00,	0.00,	0.00,	0.00,	0.00,	0.00,	0.00,	0.00,	0.00,	0.00,	0.00,	0.00,	0.00,	0.00,	999.00,	1,	NULL,	'2024-02-29 00:00:00'),
(430,	1,	1,	'2024-02-29',	'23:57',	5,	85,	157,	4,	5,	1,	999.00,	0.00,	0.00,	0.00,	0.00,	0.00,	0.00,	0.00,	0.00,	0.00,	0.00,	0.00,	0.00,	0.00,	0.00,	999.00,	1,	NULL,	'2024-02-29 00:00:00'),
(431,	1,	1,	'2024-02-29',	'23:58',	5,	85,	284,	3,	9,	1,	111.00,	0.00,	0.00,	0.00,	0.00,	0.00,	0.00,	0.00,	0.00,	0.00,	0.00,	0.00,	0.00,	0.00,	0.00,	111.00,	1,	NULL,	'2024-02-29 00:00:00'),
(432,	1,	1,	'2024-02-20',	'04:58',	5,	85,	247,	2,	12,	1,	222.00,	0.00,	0.00,	0.00,	0.00,	0.00,	0.00,	0.00,	0.00,	0.00,	0.00,	0.00,	0.00,	0.00,	0.00,	222.00,	1,	NULL,	'2024-02-29 00:00:00'),
(433,	1,	1,	'2024-02-29',	'23:59',	5,	85,	262,	4,	10,	1,	333.00,	0.00,	0.00,	0.00,	0.00,	0.00,	0.00,	0.00,	0.00,	0.00,	0.00,	0.00,	0.00,	0.00,	0.00,	333.00,	1,	NULL,	'2024-02-29 00:00:00'),
(434,	1,	1,	'2024-02-25',	'04:59',	5,	85,	246,	3,	13,	1,	444.00,	0.00,	0.00,	0.00,	0.00,	0.00,	0.00,	0.00,	0.00,	0.00,	0.00,	0.00,	0.00,	0.00,	0.00,	444.00,	1,	NULL,	'2024-03-01 00:00:00'),
(435,	1,	1,	'2024-02-29',	'05:00',	5,	85,	257,	3,	4,	1,	555.00,	0.00,	0.00,	0.00,	0.00,	0.00,	0.00,	0.00,	0.00,	0.00,	0.00,	0.00,	0.00,	0.00,	0.00,	555.00,	1,	NULL,	'2024-03-01 00:00:00'),
(436,	1,	1,	'2024-02-18',	'05:00',	5,	85,	226,	4,	10,	1,	666.00,	0.00,	0.00,	0.00,	0.00,	0.00,	0.00,	0.00,	0.00,	0.00,	0.00,	0.00,	0.00,	0.00,	0.00,	666.00,	1,	NULL,	'2024-03-01 00:00:00'),
(437,	1,	1,	'2024-03-01',	'00:00',	5,	85,	227,	3,	9,	1,	777.00,	0.00,	0.00,	0.00,	0.00,	0.00,	0.00,	0.00,	0.00,	0.00,	0.00,	0.00,	0.00,	0.00,	0.00,	777.00,	1,	NULL,	'2024-03-01 00:00:00'),
(438,	1,	1,	'2024-03-01',	'16:41',	5,	39,	227,	2,	3,	1,	111.00,	0.00,	0.00,	0.00,	0.00,	0.00,	0.00,	0.00,	0.00,	0.00,	0.00,	0.00,	0.00,	0.00,	0.00,	111.00,	1,	NULL,	'2024-03-01 00:00:00'),
(439,	1,	1,	'2024-02-20',	'16:41',	5,	39,	233,	3,	4,	1,	222.00,	0.00,	0.00,	0.00,	0.00,	0.00,	0.00,	0.00,	0.00,	0.00,	0.00,	0.00,	0.00,	0.00,	0.00,	222.00,	1,	NULL,	'2024-03-01 00:00:00'),
(440,	1,	1,	'2024-03-01',	'16:42',	5,	39,	258,	2,	3,	1,	333.00,	0.00,	0.00,	0.00,	0.00,	0.00,	0.00,	0.00,	0.00,	0.00,	0.00,	0.00,	0.00,	0.00,	0.00,	333.00,	1,	NULL,	'2024-03-01 00:00:00'),
(441,	1,	1,	'2024-02-25',	'16:43',	5,	39,	216,	3,	4,	1,	444.00,	0.00,	0.00,	0.00,	0.00,	0.00,	0.00,	0.00,	0.00,	0.00,	0.00,	0.00,	0.00,	0.00,	0.00,	444.00,	1,	NULL,	'2024-03-01 00:00:00'),
(442,	1,	1,	'2024-03-01',	'16:43',	5,	39,	218,	2,	8,	1,	555.00,	0.00,	0.00,	0.00,	0.00,	0.00,	0.00,	0.00,	0.00,	0.00,	0.00,	0.00,	0.00,	0.00,	0.00,	555.00,	1,	NULL,	'2024-03-01 00:00:00'),
(443,	1,	1,	'2024-02-18',	'16:44',	5,	39,	277,	2,	17,	1,	666.00,	0.00,	0.00,	0.00,	0.00,	0.00,	0.00,	0.00,	0.00,	0.00,	0.00,	0.00,	0.00,	0.00,	0.00,	666.00,	1,	NULL,	'2024-03-01 00:00:00'),
(444,	1,	1,	'2024-03-01',	'16:45',	5,	39,	267,	2,	3,	1,	777.00,	0.00,	0.00,	0.00,	0.00,	0.00,	0.00,	0.00,	0.00,	0.00,	0.00,	0.00,	0.00,	0.00,	0.00,	777.00,	1,	NULL,	'2024-03-01 00:00:00'),
(445,	1,	1,	'2024-02-13',	'16:45',	5,	39,	256,	2,	8,	1,	888.00,	0.00,	0.00,	0.00,	0.00,	0.00,	0.00,	0.00,	0.00,	0.00,	0.00,	0.00,	0.00,	0.00,	0.00,	888.00,	1,	NULL,	'2024-03-01 00:00:00'),
(446,	1,	1,	'2024-03-01',	'16:46',	5,	39,	4,	4,	5,	1,	999.00,	0.00,	0.00,	0.00,	0.00,	0.00,	0.00,	0.00,	0.00,	0.00,	0.00,	0.00,	0.00,	0.00,	0.00,	999.00,	1,	NULL,	'2024-03-01 00:00:00'),
(447,	1,	1,	'2024-03-01',	'17:04',	5,	39,	265,	1,	7,	1,	111.00,	0.00,	0.00,	0.00,	0.00,	0.00,	0.00,	0.00,	0.00,	0.00,	0.00,	0.00,	0.00,	0.00,	0.00,	111.00,	1,	NULL,	'2024-03-01 00:00:00'),
(448,	1,	1,	'2024-02-20',	'17:05',	5,	39,	210,	3,	13,	1,	222.00,	0.00,	0.00,	0.00,	0.00,	0.00,	0.00,	0.00,	0.00,	0.00,	0.00,	0.00,	0.00,	0.00,	0.00,	222.00,	1,	NULL,	'2024-03-01 00:00:00'),
(449,	1,	1,	'2024-03-01',	'17:19',	5,	39,	85,	2,	17,	1,	333.00,	0.00,	0.00,	0.00,	0.00,	0.00,	0.00,	0.00,	0.00,	0.00,	0.00,	0.00,	0.00,	0.00,	0.00,	333.00,	1,	NULL,	'2024-03-01 00:00:00'),
(450,	1,	1,	'2024-02-25',	'17:20',	5,	39,	320,	4,	30,	1,	444.00,	0.00,	0.00,	0.00,	0.00,	0.00,	0.00,	0.00,	0.00,	0.00,	0.00,	0.00,	0.00,	0.00,	0.00,	444.00,	1,	NULL,	'2024-03-01 00:00:00'),
(451,	1,	1,	'2024-03-01',	'17:21',	5,	39,	30,	4,	5,	1,	555.00,	0.00,	0.00,	0.00,	0.00,	0.00,	0.00,	0.00,	0.00,	0.00,	0.00,	0.00,	0.00,	0.00,	0.00,	555.00,	1,	NULL,	'2024-03-01 00:00:00'),
(452,	1,	1,	'2024-03-01',	'17:21',	5,	39,	2,	3,	22,	1,	666.00,	0.00,	0.00,	0.00,	0.00,	0.00,	0.00,	0.00,	0.00,	0.00,	0.00,	0.00,	0.00,	0.00,	0.00,	666.00,	1,	NULL,	'2024-03-01 00:00:00'),
(453,	1,	1,	'2024-03-01',	'17:23',	5,	39,	28,	2,	3,	1,	777.00,	0.00,	0.00,	0.00,	0.00,	0.00,	0.00,	0.00,	0.00,	0.00,	0.00,	0.00,	0.00,	0.00,	0.00,	777.00,	1,	NULL,	'2024-03-01 00:00:00'),
(454,	1,	1,	'2024-02-13',	'17:24',	5,	39,	273,	4,	30,	1,	888.00,	0.00,	0.00,	0.00,	0.00,	0.00,	0.00,	0.00,	0.00,	0.00,	0.00,	0.00,	0.00,	0.00,	0.00,	888.00,	1,	NULL,	'2024-03-01 00:00:00'),
(455,	1,	1,	'2024-03-01',	'17:26',	5,	39,	27,	4,	30,	1,	999.00,	0.00,	0.00,	0.00,	0.00,	0.00,	0.00,	0.00,	0.00,	0.00,	0.00,	0.00,	0.00,	0.00,	0.00,	999.00,	1,	NULL,	'2024-03-01 00:00:00'),
(456,	1,	26,	'2024-03-01',	'12:55',	5,	85,	227,	1,	7,	1,	111.00,	0.00,	0.00,	0.00,	0.00,	0.00,	0.00,	0.00,	0.00,	0.00,	0.00,	0.00,	0.00,	0.00,	0.00,	111.00,	1,	NULL,	'2024-03-01 00:00:00'),
(457,	1,	26,	'2024-02-20',	'17:56',	5,	85,	233,	3,	13,	1,	222.00,	0.00,	0.00,	0.00,	0.00,	0.00,	0.00,	0.00,	0.00,	0.00,	0.00,	0.00,	0.00,	0.00,	0.00,	222.00,	1,	NULL,	'2024-03-01 00:00:00'),
(458,	1,	26,	'2024-03-01',	'12:57',	5,	85,	258,	3,	13,	1,	333.00,	0.00,	0.00,	0.00,	0.00,	0.00,	0.00,	0.00,	0.00,	0.00,	0.00,	0.00,	0.00,	0.00,	0.00,	333.00,	1,	NULL,	'2024-03-01 00:00:00');

DROP TABLE IF EXISTS `z_cultivo`;
CREATE TABLE `z_cultivo` (
  `id` int NOT NULL AUTO_INCREMENT,
  `nombre` varchar(150) COLLATE utf8mb3_spanish2_ci NOT NULL,
  `estado` varchar(1) COLLATE utf8mb3_spanish2_ci NOT NULL,
  PRIMARY KEY (`id`)
) ENGINE=InnoDB DEFAULT CHARSET=utf8mb3 COLLATE=utf8mb3_spanish2_ci;

INSERT INTO `z_cultivo` (`id`, `nombre`, `estado`) VALUES
(1,	'Cacao',	'1'),
(2,	'Platano',	'1'),
(4,	'GANADERIA',	'1');

DROP TABLE IF EXISTS `z_finca`;
CREATE TABLE `z_finca` (
  `id` int NOT NULL AUTO_INCREMENT,
  `nombre` varchar(100) COLLATE utf8mb3_spanish2_ci NOT NULL,
  `ha` int NOT NULL,
  PRIMARY KEY (`id`)
) ENGINE=InnoDB DEFAULT CHARSET=utf8mb3 COLLATE=utf8mb3_spanish2_ci;

INSERT INTO `z_finca` (`id`, `nombre`, `ha`) VALUES
(1,	'Bellita',	0),
(2,	'Pacaritambo',	73);

DROP TABLE IF EXISTS `z_lote`;
CREATE TABLE `z_lote` (
  `id` int NOT NULL AUTO_INCREMENT,
  `lote` varchar(100) COLLATE utf8mb3_spanish2_ci NOT NULL,
  `ha` decimal(8,2) NOT NULL,
  `finca_id` int NOT NULL,
  `estado` varchar(1) COLLATE utf8mb3_spanish2_ci NOT NULL,
  PRIMARY KEY (`id`)
) ENGINE=InnoDB DEFAULT CHARSET=utf8mb3 COLLATE=utf8mb3_spanish2_ci;

INSERT INTO `z_lote` (`id`, `lote`, `ha`, `finca_id`, `estado`) VALUES
(1,	'1',	55.73,	1,	'1'),
(2,	'2',	52.01,	1,	'1'),
(3,	'3',	58.02,	1,	'1'),
(4,	'4',	48.22,	1,	'1'),
(5,	'0',	23.17,	1,	'1'),
(6,	'Administrativos',	1.00,	1,	'1'),
(7,	'AREA CAMPAMENTO',	1.00,	1,	'1'),
(8,	'AREA EMPACADORA',	1.00,	1,	'1'),
(9,	'Area social',	1.00,	1,	'1'),
(10,	'Falta Injustificada',	0.00,	1,	'1'),
(11,	'FALTA JUSTIFICADA',	0.00,	1,	'1'),
(12,	'1',	5.66,	2,	'1'),
(13,	'2',	6.29,	2,	'1'),
(14,	'3',	4.15,	2,	'1'),
(15,	'4',	3.65,	2,	'1'),
(16,	'5',	5.35,	2,	'1'),
(17,	'6',	6.17,	2,	'1'),
(18,	'7',	6.88,	2,	'1'),
(19,	'8',	12.09,	2,	'1'),
(20,	'9',	8.58,	2,	'1'),
(21,	'10',	8.70,	2,	'1'),
(22,	'11',	5.36,	2,	'1');

DROP TABLE IF EXISTS `z_modulo`;
CREATE TABLE `z_modulo` (
  `id` int NOT NULL AUTO_INCREMENT,
  `modulo` varchar(3) COLLATE utf8mb3_spanish2_ci NOT NULL,
  `ha` decimal(7,2) NOT NULL,
  `lote_id` int NOT NULL,
  `estado` varchar(1) COLLATE utf8mb3_spanish2_ci NOT NULL,
  PRIMARY KEY (`id`)
) ENGINE=InnoDB DEFAULT CHARSET=utf8mb3 COLLATE=utf8mb3_spanish2_ci;

INSERT INTO `z_modulo` (`id`, `modulo`, `ha`, `lote_id`, `estado`) VALUES
(1,	'1',	14.04,	5,	'1'),
(2,	'1',	10.41,	1,	'1'),
(3,	'1',	6.22,	2,	'1'),
(4,	'1',	7.99,	3,	'1'),
(5,	'1',	8.48,	4,	'1'),
(6,	'2',	9.13,	5,	'1'),
(7,	'2',	9.04,	1,	'1'),
(8,	'2',	8.58,	2,	'1'),
(9,	'2',	8.65,	3,	'1'),
(10,	'2',	8.28,	4,	'1'),
(11,	'3',	8.07,	1,	'1'),
(12,	'3',	8.49,	2,	'1'),
(13,	'3',	7.99,	3,	'1'),
(14,	'3',	7.72,	4,	'1'),
(15,	'3',	0.00,	0,	'1'),
(16,	'4',	10.02,	1,	'1'),
(17,	'4',	7.48,	2,	'1'),
(18,	'4',	8.09,	3,	'1'),
(19,	'4',	8.16,	4,	'1'),
(20,	'5',	9.01,	1,	'1'),
(21,	'5',	7.53,	2,	'1'),
(22,	'5',	7.84,	3,	'1'),
(23,	'5',	8.05,	4,	'1'),
(24,	'6',	9.19,	1,	'1'),
(25,	'6',	5.14,	2,	'1'),
(26,	'6',	8.64,	3,	'1'),
(27,	'6',	7.52,	4,	'1'),
(28,	'7',	8.46,	2,	'1'),
(29,	'7',	8.82,	3,	'1'),
(30,	'7',	4.67,	4,	'1'),
(31,	'N/A',	0.00,	0,	'1'),
(32,	'N/A',	0.00,	0,	'1'),
(33,	'N/A',	0.00,	0,	'1'),
(34,	'N/A',	0.00,	0,	'1'),
(35,	'N/A',	0.00,	0,	'1'),
(36,	'N/A',	0.00,	0,	'1'),
(37,	'3',	5.85,	5,	'1'),
(38,	'0',	1.00,	12,	'1'),
(39,	'1',	1.00,	12,	'1'),
(40,	'0',	1.00,	2,	'1'),
(41,	'0',	1.00,	3,	'1'),
(42,	'0',	1.00,	4,	'1'),
(43,	'1',	1.00,	16,	'1'),
(44,	'1',	1.00,	17,	'1'),
(45,	'0',	1.00,	18,	'1'),
(47,	'0',	1.00,	19,	'1'),
(48,	'0',	1.00,	20,	'1'),
(49,	'0',	1.00,	21,	'1'),
(50,	'0',	1.00,	22,	'1'),
(51,	'0',	1.00,	3,	'1'),
(52,	'0',	1.00,	4,	'1'),
(53,	'0',	1.00,	16,	'1'),
(54,	'0',	1.00,	17,	'1'),
(55,	'0',	1.00,	18,	'1'),
(56,	'0',	1.00,	19,	'1'),
(57,	'0',	1.00,	20,	'1'),
(58,	'0',	1.00,	21,	'1'),
(59,	'0',	1.00,	22,	'1'),
(60,	'0',	1.00,	13,	'1'),
(61,	'0',	1.00,	14,	'1'),
(62,	'0',	1.00,	15,	'1'),
(63,	'1',	1.00,	15,	'1'),
(64,	'0',	1.00,	16,	'1'),
(65,	'0',	1.00,	17,	'1'),
(66,	'0',	1.00,	18,	'1'),
(67,	'0',	1.00,	19,	'1'),
(68,	'0',	1.00,	20,	'1'),
(69,	'0',	1.00,	21,	'1'),
(70,	'0',	1.00,	22,	'1'),
(71,	'0',	1.00,	13,	'1');

DROP TABLE IF EXISTS `z_personal`;
CREATE TABLE `z_personal` (
  `id` int NOT NULL AUTO_INCREMENT,
  `nombre` varchar(250) COLLATE utf8mb3_spanish2_ci DEFAULT NULL,
  `id_finca` int NOT NULL DEFAULT '1',
  `cedula` varchar(15) COLLATE utf8mb3_spanish2_ci DEFAULT NULL,
  `rol` int DEFAULT NULL,
  `estado` varchar(1) COLLATE utf8mb3_spanish2_ci DEFAULT NULL,
  `rol_app` varchar(1) COLLATE utf8mb3_spanish2_ci NOT NULL DEFAULT '1',
  `eregistro` varchar(1) COLLATE utf8mb3_spanish2_ci NOT NULL DEFAULT 'A',
  PRIMARY KEY (`id`)
) ENGINE=InnoDB DEFAULT CHARSET=utf8mb3 COLLATE=utf8mb3_spanish2_ci;

INSERT INTO `z_personal` (`id`, `nombre`, `id_finca`, `cedula`, `rol`, `estado`, `rol_app`, `eregistro`) VALUES
(1,	'Balón Figueroa Miguel Alfredo',	1,	'0929000453',	8,	'1',	'2',	'A'),
(2,	'BALÓN FIGUEROA JORGE CHARLIE',	1,	'2400086621',	9,	'1',	'1',	'A'),
(3,	'KAM BUSTOS HENRY JACINTO',	1,	'0702577040',	10,	'1',	'1',	'A'),
(4,	'ALVEAR MORALES VÍCTOR',	1,	'0909309585',	14,	'1',	'1',	'A'),
(6,	'BARAHONA MORAN VICTOR DAVID',	1,	'0928116136',	13,	'1',	'1',	'A'),
(7,	'PERERO BORBOR ANDERSON FERNANDO',	1,	'0929720886',	13,	'1',	'1',	'A'),
(15,	'VERA BAQUERIZO WILSON',	1,	'2400005886',	13,	'1',	'1',	'A'),
(16,	'MOLINA PEÑARRIETA JOHN CARLOS',	1,	'1350191282',	13,	'1',	'1',	'A'),
(18,	'MORAN LASCANO JUAN JHONNY',	1,	'0927556316',	13,	'1',	'1',	'A'),
(20,	'RODRIGUEZ MARTINEZ DARWIN ADRIAN',	1,	'0928451731',	13,	'1',	'1',	'A'),
(21,	'PERERO BORBOR JHON STEEVEN',	1,	'929720894',	13,	'1',	'1',	'A'),
(25,	'SANCHEZ HERRERA LUIS JACINTO',	1,	'0921642294',	13,	'1',	'1',	'A'),
(26,	'Holguin Alava Luis Aberto',	1,	'1308178993',	8,	'1',	'2',	'A'),
(27,	'BAQUERIZO FIGUEROA STALIN DAGOBERTO',	1,	'0927663385',	12,	'1',	'1',	'A'),
(28,	'BALÓN FIGUEROA WALTER EDUVY',	1,	'0917211492',	12,	'1',	'1',	'A'),
(30,	'BALÓN FIGUEROA HENRY JEFFERSON',	1,	'0918989013',	16,	'1',	'1',	'A'),
(32,	'SALINAS LAINEZ JORGE JAVIER',	1,	'2400247033',	16,	'1',	'1',	'A'),
(34,	'VERA BAQUERIZO JOHANNA',	1,	'0952332864',	19,	'6',	'1',	'A'),
(35,	'GONZABAY GONZALEZ MIGUEL ANGEL',	1,	'0923677785',	13,	'1',	'1',	'A'),
(43,	'PERERO LAINEZ EDER ALEXANDER',	1,	'2400204133',	13,	'1',	'1',	'A'),
(44,	'RIVAS LUCAS CARLOS RAMON',	1,	'1713188116',	17,	'4',	'',	'A'),
(50,	'VERA TIGRERO ANTONNY KLEINER',	1,	'2400058844',	13,	'6',	'1',	'A'),
(51,	'SALINAS LAINEZ EDGAR BIENVENIDO',	1,	'2400247025',	13,	'6',	'1',	'A'),
(56,	'VERA TIGRERO EDINSON FERNANDO',	1,	'2400058604',	16,	'1',	'1',	'A'),
(57,	'SUAREZ DE LA CRUZ ALEX ALEJANDRO',	1,	'2450302803',	13,	'1',	'1',	'A'),
(58,	'RODRIGUEZ YAGUAL GILSON',	1,	'2450016437',	13,	'1',	'1',	'A'),
(64,	'JIMENEZ OSORIO WELLINGTON FERNANDO',	1,	'0942659418',	13,	'6',	'1',	'A'),
(65,	'GOMEZ MUÑOZ LUPE IDILA',	1,	'0911212132',	18,	'1',	'1',	'A'),
(68,	'YOZA MORENO LUIS GUSTAVO',	1,	'1312694530',	13,	'1',	'1',	'A'),
(69,	'JIMENEZ SANTANA JORGE',	1,	'0913352308',	13,	'6',	'1',	'A'),
(70,	'GUZMAN HERRERA JOSE',	1,	'0953890548',	13,	'6',	'1',	'A'),
(72,	'GONZABAY GONZALEZ JEFFERSON JONATHAN',	1,	'0925454126',	13,	'1',	'1',	'A'),
(73,	'PERERO BORBOR JÓSE',	1,	'941507162',	13,	'1',	'1',	'A'),
(76,	'ORRALA REYES PEDRO CATALINO',	1,	'919820837',	13,	'1',	'1',	'A'),
(77,	'REYES CAICHE FREDDY FERNANDO',	1,	'0941444853',	13,	'6',	'1',	'A'),
(78,	'JUAN DE LA CRUZ',	1,	'2400058992',	13,	'1',	'1',	'A'),
(83,	'VERA VILLON ROBINSON ORLANDO',	1,	'0927663419',	13,	'1',	'1',	'A'),
(85,	'ASENCIO PERERO LIVINGTON DAVID',	1,	'0950658674',	13,	'1',	'1',	'A'),
(86,	'REYES VERA HUMBERTO PORFIRIO',	1,	'0915490080',	13,	'6',	'1',	'I'),
(100,	'REYES VERA TEODORO DIÓGENES',	1,	'914975974',	13,	'6',	'1',	'A'),
(121,	'LAINEZ BORBOR JORGE FRANCISCO',	1,	'2400246555',	13,	'6',	'1',	'A'),
(123,	'JIMENEZ SANTANA JOFFRE',	1,	'1729914042',	13,	'6',	'1',	'I'),
(126,	'CAICHE FIGUEROA STEVEN',	1,	'2450357005',	13,	'1',	'1',	'A'),
(127,	'MAGALLANES CRUZ CRISTHIAN PAUL',	1,	'0941585259',	13,	'1',	'1',	'A'),
(134,	'VERA RAMIREZ JOSE RAMON',	1,	'1315437069',	13,	'6',	'1',	'A'),
(135,	'JAMA LINO LUIS ALFONSO',	1,	'0916009210',	13,	'1',	'1',	'A'),
(141,	'MARTINEZ RODRIGUEZ JUAN DIEGO',	1,	'0929011633',	13,	'1',	'1',	'A'),
(149,	'REYES CAICHE JONATHAN XAVIER',	1,	'0941430001',	13,	'6',	'1',	'I'),
(157,	'CRUZ LAINEZ ADONIS SEGUNDO',	1,	'2400279408',	13,	'6',	'1',	'A'),
(158,	'PERERO BORBOR JULIO DANIEL',	1,	'941507170',	13,	'6',	'1',	'A'),
(159,	'GONZABAY REYES LUIS WILFRIDO',	1,	'927663716',	13,	'6',	'1',	'A'),
(160,	'REYES VILLON CARLOS JHONNY',	1,	'0926896515',	13,	'6',	'1',	'I'),
(161,	'PERERO LAINEZ MOISES EMANUEL',	1,	'2400279630',	13,	'6',	'1',	'A'),
(162,	'JIMENEZ OSORIO RONALD ADALBERTO',	1,	'0942896135',	13,	'6',	'1',	'I'),
(163,	'RIVAS PEñAFIEL CRISTHIAN SAMUEL',	1,	'0954851705',	13,	'6',	'1',	'A'),
(165,	'RAMIREZ NEIRA PEDRO EDINSON',	1,	'2400059503',	13,	'6',	'1',	'I'),
(167,	'MOLINA PEÑARRIETA ELVIS MILTON',	1,	'1316731361',	13,	'6',	'1',	'A'),
(175,	'JIMENEZ OSORIO JORGE ANTONIO',	1,	'0964390736',	13,	'6',	'1',	'I'),
(177,	'JIMENEZ ALVEAR JACINTO DAVID',	1,	'0953244258',	13,	'6',	'1',	'I'),
(180,	'MATIAS GONZALEZ WIDINSON AGUSTIN',	1,	'2400354631',	13,	'6',	'1',	'I'),
(181,	'MIÑO DICAO HERMES OSWALDO',	1,	'0916075591',	13,	'6',	'1',	'A'),
(186,	'FRANCO MOREIRA JOSE LUIS',	1,	'0940470040',	13,	'6',	'1',	'A'),
(187,	'CEVALLOS SOLIS CARLOS EDUARDO',	1,	'0925488777',	13,	'6',	'1',	'A'),
(188,	'HOLGUIN CEVALLOS NIXON SANTOS',	1,	'0953227949',	13,	'6',	'1',	'A'),
(189,	'FIGUEROA VERA JHONNY KEVIN',	1,	'245035699-9',	13,	'6',	'1',	'A'),
(190,	'MORAN HOLGUIN LUIS FERNANDO',	1,	'0927555581',	13,	'6',	'1',	'I'),
(191,	'JAMA LINO CARLOS JULIO',	1,	'0919255018',	13,	'6',	'1',	'I'),
(194,	'TUMBACO RODRIGUEZ JUAN CARLOS',	1,	'0918562216',	12,	'6',	'1',	'A'),
(196,	'MORAN DE LA ROSA HECTOR GUSTAVO',	1,	'0928713221',	11,	'1',	'1',	'A'),
(197,	'LAINEZ RIVERA CARLOS JERONIMO',	1,	'0928195288',	13,	'6',	'1',	'I'),
(198,	'SUAREZ DE LA CRUZ ROBERTH SANTIAGO',	1,	'2450590357',	13,	'6',	'1',	'A'),
(199,	'GARCIA CARREÑO GALO ALBERTO',	1,	'1305688341',	13,	'6',	'1',	'I'),
(200,	'JURADO CHOEZ RONALD IVAN',	1,	'0923207898',	13,	'6',	'1',	'I'),
(201,	'MEDRANDA VELASQUEZ KEVIN FERNANDO',	1,	'2300790157',	13,	'6',	'1',	'I'),
(202,	'MAGALLANES BANCHON GERMAN XAVIER',	1,	'0959574211',	13,	'6',	'1',	'I'),
(203,	'JURADO MOREIRA EDISON JOEL',	1,	'0950369975',	13,	'6',	'1',	'A'),
(204,	'VALENCIA ARIAS SIXTO JAIR',	1,	'0952931962',	13,	'6',	'1',	'A'),
(205,	'VILLAMAR TUTIVEN JONATHAN JOSE',	1,	'0958068629',	13,	'6',	'1',	'I'),
(206,	'NEIRA QUINDE JOEL DAVID',	1,	'2450504283',	13,	'6',	'1',	'I'),
(207,	'MAGALLAN SORIANO CRISTHIAN GUILLERMO',	1,	'0928235456',	13,	'6',	'1',	'I'),
(208,	'ORTIZ SILVA SIMON ADALBERTO',	1,	'0913900122',	13,	'6',	'1',	'I'),
(209,	'SESME SESME FERNANDO JOSE',	1,	'0927459644',	13,	'6',	'1',	'A'),
(210,	'ARREAGA ESPINOZA JHONNY ANDERSON',	1,	'0929866747',	13,	'6',	'1',	'A'),
(211,	'CALEÑO VALENCIA ANTHONY STEVEN',	1,	'0928057629',	13,	'6',	'1',	'A'),
(212,	'INTRIAGO PEÑARRIETA PASCUAL ALFREDO',	1,	'\'0919690461',	13,	'6',	'1',	'A'),
(213,	'FERNANDEZ FIGUEROA EDUARDO ALEXANDER',	1,	'1208283620',	13,	'6',	'1',	'A'),
(214,	'PEÑARRIETA BRAVO JOSE DAMIAN',	1,	'1317957130',	13,	'6',	'1',	'A'),
(215,	'MORAN SANTISTEVAN RONALD YVAN',	1,	'0921806683',	13,	'6',	'1',	'A'),
(216,	'ALAVA FERNANDEZ STALIN JAZMANI',	1,	'0954553905',	13,	'6',	'1',	'A'),
(217,	'VERA HERRERA FRANKLIN ISMAEL',	1,	'0929363869',	13,	'6',	'1',	'A'),
(218,	'ALMEIDA MORAN OMAR ADRIAN',	1,	'0929362358',	13,	'6',	'1',	'A'),
(219,	'VERA FERNANDEZ ALEXANDER RUBEN',	1,	'0929363877',	13,	'6',	'1',	'A'),
(220,	'VERA HERRERA STEVEN JOSUE',	1,	'0929363851',	13,	'6',	'1',	'A'),
(221,	'FRANCO CAIZA JHON GILSON',	1,	'1208904787',	13,	'6',	'1',	'A'),
(222,	'BAUTISTA MULLO WILLIAM ARMANDO',	1,	'0955823471',	13,	'6',	'1',	'A'),
(223,	'VERA ZAMBRANO JONATHAN FABRICIO',	1,	'0944236702',	13,	'6',	'1',	'A'),
(225,	'FERNANDEZ CEPEDA DARIO FELIPE',	1,	'1207219534',	8,	'1',	'2',	'I'),
(226,	'FERNANDEZ CEPEDA CRISTIAN IVAN',	1,	'1204105751',	13,	'6',	'1',	'A'),
(227,	'ACOSTA CABRERA JOSE DANIEL',	1,	'0942273244',	13,	'6',	'1',	'A'),
(228,	'BONILLA TOMALA ROBIN SAUL',	1,	'0929997708',	13,	'6',	'1',	'A'),
(229,	'MACIAS MOREIRA JHONNY JOSUE',	1,	'0950370064',	13,	'6',	'1',	'A'),
(230,	'SESME VELIZ MOISES RICARDO',	1,	'0911527281',	13,	'6',	'1',	'A'),
(231,	'SANTIESTEVAN PIGUAVE LUIGY JOEL',	1,	'2450433905',	13,	'6',	'1',	'A'),
(232,	'MEZA CHIRIGUAYA MARCOS JOSE ',	1,	'0927972794',	13,	'6',	'1',	'A'),
(233,	'ACOSTA CABRERA JOSE DAVID',	1,	'0942273251',	13,	'6',	'1',	'A'),
(234,	'GONZALEZ MORAN CARLOS ELICEO',	1,	'0944338268',	13,	'6',	'1',	'A'),
(235,	'REYES RAMIREZ DILSON ARIEL',	1,	'2400289787',	13,	'6',	'1',	'A'),
(236,	'TOMALA COX DIONISIO JOSE',	1,	'0923112254',	13,	'6',	'1',	'A'),
(237,	'TOMALA TOMALA TOMAS TEODORO',	1,	'0940224306',	13,	'6',	'1',	'A'),
(238,	'TOMALA COX RONALDO HIGINIO',	1,	'0941134660',	13,	'6',	'1',	'A'),
(239,	'VASQUEZ TOMALA JUAN ANTONIO',	1,	'0955041660',	13,	'1',	'1',	'A'),
(240,	'RONQUILLO TOMALA MARCELO ANDRES',	1,	'0927674010',	13,	'1',	'1',	'A'),
(241,	'GOMEZ COX ALBERTO FELIPE',	1,	'0921480604',	13,	'6',	'1',	'A'),
(242,	'TOMALA COX JOSE BARTOLO',	1,	'0923112031',	13,	'6',	'1',	'A'),
(243,	'PATA MARQUEZ GUIDO GERARDO',	1,	'0931119440',	13,	'6',	'1',	'A'),
(244,	'TOMALA COX BRYAN GERARDO',	1,	'0941134652',	13,	'6',	'1',	'I'),
(245,	'CEVALLOZ HOLGUIN JESUS JOEL',	1,	'0943193979',	13,	'6',	'1',	'A'),
(246,	'DUARTE GAVILANEZ JEFFERSON JORGE',	1,	'0927978676',	13,	'6',	'1',	'A'),
(247,	'CHIPRE CEVALLOS STEWAR JOSTIN ',	1,	'0951845569',	13,	'6',	'1',	'A'),
(248,	'CEVALLOS HOLGUIN ORLIN YORYI',	1,	'0954753182',	13,	'6',	'1',	'A'),
(249,	'BARZOLA ALVARADO WLADIMIR EDMUNDO',	1,	'0951052158',	13,	'6',	'1',	'A'),
(250,	'MIRABA BURGOS JEAN CARLOS',	1,	'0940445943',	13,	'6',	'1',	'A'),
(251,	'VERA REYES WIDER HECTOR',	1,	'0920931136',	13,	'6',	'1',	'A'),
(252,	'REYES VILLON BYRON ANDERSON',	1,	'0927663443',	13,	'6',	'1',	'A'),
(253,	'CAMPOZANO ZAMBRANO JEFFERSON ALEXANDER',	1,	'2450725292',	13,	'6',	'1',	'A'),
(254,	'BARZOLA MORAN JUAN ALEXIS',	1,	'0955161682',	13,	'6',	'1',	'A'),
(255,	'MORAN LINO ANDERSON ANTONIO',	1,	'0940488620',	13,	'6',	'1',	'A'),
(256,	'ALVARADO JIMENEZ JESUS MICHAEL',	1,	'0927973768',	13,	'6',	'1',	'A'),
(257,	'FERNANDEZ ARIAS FERMIN SEBASTIAN',	1,	'0703451013',	13,	'6',	'1',	'A'),
(258,	'ALAVA FERNANDEZ DAVID ALFREDO',	1,	'0954553962',	13,	'6',	'1',	'A'),
(259,	'RODRIGUEZ VERA WIDINSON ANGELLO',	1,	'2450735804',	13,	'6',	'1',	'A'),
(260,	'PINELA MONTIEL DAYVID LEONARDO',	1,	'1729980597',	13,	'6',	'1',	'A'),
(261,	'MONTESDEOCA VERA LIMBER JOEL',	1,	'1726037813',	13,	'6',	'1',	'A'),
(262,	'DELGADO MEDINA JOSE ANDRES',	1,	'0954617510',	13,	'6',	'1',	'A'),
(263,	'NARANJO ADRIAN ANDERSON DAMIAN',	1,	'0941027666',	13,	'6',	'1',	'A'),
(264,	'MORAN GONZALEZ GORDY ENRIQUE',	1,	'0942766049',	13,	'6',	'1',	'A'),
(265,	'ARGUELLO VERA EDDY ALEXANDER',	1,	'2450019407',	13,	'6',	'1',	'A'),
(266,	'UMANANTE MARISCAL BYRON JOSE',	1,	'1206768721',	13,	'6',	'1',	'A'),
(267,	'ALVARADO FRANCO EDDY RONALDO',	1,	'0940468242',	13,	'6',	'1',	'A'),
(268,	'HERNANDEZ RUIZ DOUGLAS FLORENCIO',	1,	'0917145906',	13,	'6',	'1',	'A'),
(269,	'TORRES GUARANDA GUSTAVO ARMANDO',	1,	'0940249063',	13,	'6',	'1',	'A'),
(270,	'COBEÑA QUIROZ WAGNER JOSE',	1,	'1316541828',	13,	'6',	'1',	'A'),
(271,	'COBEÑA QUIROZ EDDY JACINTO',	1,	'1316631710',	13,	'6',	'1',	'A'),
(272,	'PEÑARRIETA COBEÑA KEVIN EDUARDO',	1,	'1315946259',	13,	'6',	'1',	'A'),
(273,	'BAQUE PIN OSCAR EDUARDO',	1,	'1350373567',	13,	'6',	'1',	'A'),
(274,	'TOALA PINCAY VICENTE ARIEL',	1,	'1315359404',	13,	'6',	'1',	'A'),
(275,	'SEGUICHE PEREZ RAUL JOSE',	1,	'1313330084',	13,	'6',	'1',	'A'),
(276,	'SANCHEZ MERO BRYAN FABIAN',	1,	'1315391985',	13,	'6',	'1',	'A'),
(277,	'ALVARADO BARZOLA WELLINGTON JESUS',	1,	'0920080645',	13,	'6',	'1',	'A'),
(278,	'CABRERA BURGOS MEDARDO GABRIEL',	1,	'0922094347',	13,	'6',	'1',	'A'),
(279,	'CEVALLOS SANCHEZ TEDDY PLUTARCO',	1,	'1316523883',	13,	'6',	'1',	'A'),
(280,	'PEÑARRIETA BRAVO NELGITO ORLEY',	1,	'1316469657',	13,	'6',	'1',	'A'),
(281,	'CASTRO VERA DALTON HERNAN',	1,	'1205891771',	13,	'6',	'1',	'A'),
(282,	'MUÑOZ MOREIRA JUAN DE DIOS',	1,	'0920820271',	13,	'6',	'1',	'A'),
(283,	'MOLINA VELEZ RENE AGUSTIN',	1,	'1315706737',	13,	'6',	'1',	'A'),
(284,	'CUSME VERA JEFFERSON JAVIER',	1,	'1316123502',	13,	'6',	'1',	'A'),
(285,	'RODRIGUEZ ASPIAZU AXEL ADRIAN',	2,	'1718469123',	8,	'1',	'2',	'A'),
(286,	'BRIONES MENDOZA JOSE VICTOR',	2,	'1311163354',	12,	'1',	'1',	'A'),
(287,	'CEDEÑO VELEZ EDUARDO ALEXI',	2,	'1308684446',	13,	'1',	'1',	'A'),
(288,	'CEDEÑO VELEZ VICTOR HUGO ',	2,	'1311137739',	12,	'1',	'1',	'A'),
(289,	'COBEÑA ALAVA MANUEL EVERALDO',	2,	'0919909499',	13,	'1',	'1',	'A'),
(290,	'PALACIOS MENDOZA ESTEBAN ARMANDO',	2,	'0941055881',	13,	'1',	'1',	'A'),
(291,	'SANCHEZ SOLORZANO ANGEL OMAR',	2,	'1307846921',	13,	'1',	'1',	'A'),
(292,	'SOLORZANO BURGOS WILMER RAMON',	2,	'1311031320',	13,	'1',	'1',	'A'),
(293,	'CEDEÑO DE LA CRUZ CRISTOBAL COLON',	2,	'1311016727',	13,	'1',	'1',	'A'),
(294,	'COBEÑA ALAVA RAMON RODOLFO',	2,	'1311065708',	13,	'1',	'1',	'A'),
(295,	'ESTRADA SALDAÑA JUAN DE DIOS',	2,	'0913278883',	20,	'1',	'1',	'A'),
(302,	'RODRIGUEZ VALENCIA ANA VENILDA',	2,	'1310008857',	13,	'6',	'1',	'A'),
(303,	'LORENTI ANCHUNDIA LADY VALERIA',	2,	'1208475531',	13,	'6',	'1',	'A'),
(304,	'RIVERA MIRANDA HECTOR ANTONIO',	2,	'1722545934',	13,	'6',	'1',	'A'),
(305,	'VARGAS SANCHEZ CARLOS GEOVANNY',	2,	'0941764987',	13,	'6',	'1',	'A'),
(306,	'VARGAS ROCA JUANA',	2,	'1311079030',	13,	'6',	'1',	'A'),
(307,	'MOLINA CEDEÑO PATRICIA MONSERRATE',	2,	'0928916535',	13,	'6',	'1',	'A'),
(308,	'VARGAS ROCA EDITA MERCEDES',	2,	'1715118269',	13,	'6',	'1',	'A'),
(309,	'VARGAS VARGAS VERONICA LISSETH',	2,	'0926882184',	13,	'6',	'1',	'A'),
(310,	'OCHOA JIMENEZ JHON JOY',	2,	'1250444989',	13,	'6',	'1',	'A'),
(311,	'OCHOA JIMENEZ ANDERSON JOEL',	2,	'1208189488',	13,	'6',	'1',	'A'),
(312,	'GUERRERO GARCIA JORMAN MANUEL',	2,	'0957124597',	13,	'6',	'1',	'A'),
(313,	'GUERRERO ZAMORA JOSE GREGORIO',	2,	'1311034134',	13,	'6',	'1',	'A'),
(314,	'ZAMBRANO RAMOS DANIEL ALFONSO',	2,	'0957026735',	13,	'6',	'1',	'A'),
(315,	'MORA JIMENEZ JENNIFFER ADRIANA',	2,	'1207992148',	13,	'6',	'1',	'A'),
(316,	'GUERRERO GARCIA VICTOR GEOVANNY',	2,	'0957219405',	13,	'6',	'1',	'A'),
(317,	'SOLORZANO ZAMBRANO SANTA ISABEL',	2,	'1303524688',	13,	'6',	'1',	'A'),
(318,	'ZAMBRANO RAMOS JEISON VALENTIN',	2,	'0941628901',	13,	'6',	'1',	'A'),
(319,	'CEREZO DIAZ AARON BRUCE',	2,	'0925635781',	13,	'6',	'1',	'A'),
(320,	'AVEIGA PALACIOS JASON JOHAN',	1,	'1315937001',	13,	'6',	'1',	'A'),
(321,	'BRIONES MIGUEL ALBERTO',	2,	'1301760839',	21,	'1',	'1',	'A'),
(322,	'GARCIA MOREIRA SEGUNDO JABIER',	2,	'1307345817',	23,	'1',	'1',	'A');

DROP TABLE IF EXISTS `z_personal_estado`;
CREATE TABLE `z_personal_estado` (
  `id` int NOT NULL AUTO_INCREMENT,
  `descripcion_estado` varchar(150) COLLATE utf8mb3_spanish2_ci NOT NULL,
  PRIMARY KEY (`id`)
) ENGINE=InnoDB DEFAULT CHARSET=utf8mb3 COLLATE=utf8mb3_spanish2_ci;

INSERT INTO `z_personal_estado` (`id`, `descripcion_estado`) VALUES
(1,	'Afiliado'),
(2,	'No afiliado'),
(3,	'Eventual'),
(4,	'Contratista'),
(5,	'Pasante'),
(6,	'Periodo de prueba');

DROP TABLE IF EXISTS `z_personal_roles`;
CREATE TABLE `z_personal_roles` (
  `id` int NOT NULL AUTO_INCREMENT,
  `rol_descripcion` varchar(150) NOT NULL,
  PRIMARY KEY (`id`)
) ENGINE=InnoDB DEFAULT CHARSET=latin1;

INSERT INTO `z_personal_roles` (`id`, `rol_descripcion`) VALUES
(8,	'Supervisor de Campo '),
(9,	'Ayudante Supervisor de Riego'),
(10,	'Bodeguero'),
(11,	'Operador Tractor de Ruedas'),
(12,	'Riego'),
(13,	'Trabajador de Campo'),
(14,	'Operador de Maquinaria'),
(15,	'Secretario'),
(16,	'Guardia'),
(17,	'Contratista'),
(18,	'Cocinero'),
(19,	'Ayudante cocina'),
(20,	'Vaquero'),
(21,	'Jardinero'),
(22,	'Portero'),
(23,	'Servicios generales');

DROP TABLE IF EXISTS `z_reportepm`;
CREATE TABLE `z_reportepm` (
  `id` int NOT NULL AUTO_INCREMENT,
  `fecha` date NOT NULL,
  `hora` date NOT NULL,
  `supervisor` varchar(150) COLLATE utf8mb3_spanish2_ci NOT NULL,
  `cultivos_id` int NOT NULL,
  `lote_id` int NOT NULL,
  `subtarea_id` int NOT NULL,
  `modulos` int NOT NULL,
  `personal_id` int NOT NULL,
  `tarea_id` int NOT NULL,
  `avanceejecutado` int NOT NULL,
  `unidad_id` int NOT NULL,
  `observaciones` int NOT NULL,
  PRIMARY KEY (`id`)
) ENGINE=InnoDB DEFAULT CHARSET=utf8mb3 COLLATE=utf8mb3_spanish2_ci;


DROP TABLE IF EXISTS `z_riego`;
CREATE TABLE `z_riego` (
  `id` int NOT NULL AUTO_INCREMENT,
  `supervisor` int NOT NULL DEFAULT '0',
  `fecha` varchar(10) NOT NULL DEFAULT '0',
  `hora` varchar(5) NOT NULL DEFAULT '0',
  `finca` int NOT NULL DEFAULT '0',
  `codigo_tarea` int NOT NULL DEFAULT '0',
  `codigo_subtarea` varchar(10) NOT NULL DEFAULT '0',
  `lote` int NOT NULL DEFAULT '0',
  `modulo` varchar(50) NOT NULL DEFAULT '0',
  `tiempo_riego` varchar(5) NOT NULL DEFAULT '0',
  `volumen_riego` decimal(9,3) NOT NULL DEFAULT '0.000',
  `observaciones` mediumtext,
  `created_at` timestamp NOT NULL DEFAULT CURRENT_TIMESTAMP,
  PRIMARY KEY (`id`)
) ENGINE=InnoDB DEFAULT CHARSET=utf8mb3;

INSERT INTO `z_riego` (`id`, `supervisor`, `fecha`, `hora`, `finca`, `codigo_tarea`, `codigo_subtarea`, `lote`, `modulo`, `tiempo_riego`, `volumen_riego`, `observaciones`, `created_at`) VALUES
(84,	1,	'2023-12-06',	'0',	1,	0,	'',	5,	'1',	'02:00',	2500.000,	'<p>\r\n	test</p>\r\n',	'2023-12-06 00:00:00'),
(85,	1,	'2023-12-06',	'0',	1,	0,	'0',	5,	'1',	'01:00',	800.000,	'',	'2023-12-06 00:00:00'),
(86,	1,	'2023-12-06',	'0',	1,	0,	'0',	4,	'52',	'01:00',	500.000,	'',	'2023-12-06 00:00:00'),
(87,	1,	'2023-12-07',	'0',	1,	0,	'0',	4,	'5',	'02:05',	0.000,	'',	'2023-12-06 00:00:00'),
(88,	1,	'2023-12-06',	'0',	1,	0,	'0',	2,	'8',	'02:10',	0.000,	'',	'2023-12-06 00:00:00'),
(89,	1,	'2023-12-07',	'0',	1,	0,	'0',	4,	'42',	'01:25',	85.000,	'',	'2023-12-07 00:00:00'),
(90,	1,	'2023-12-07',	'0',	1,	0,	'0',	4,	'14',	'01:30',	85.000,	'',	'2023-12-07 00:00:00'),
(91,	1,	'2023-12-07',	'0',	1,	0,	'0',	5,	'1',	'01:00',	0.000,	'',	'2023-12-07 00:00:00'),
(92,	1,	'Wed Feb 07',	'0',	1,	0,	'0',	3,	'4',	'03:05',	0.000,	'',	'2024-02-07 00:00:00'),
(93,	1,	'Wed Feb 07',	'0',	1,	0,	'0',	3,	'13',	'03:05',	0.000,	'',	'2024-02-07 00:00:00'),
(94,	1,	'Wed Feb 07',	'0',	1,	0,	'0',	3,	'9',	'03:05',	0.000,	'',	'2024-02-07 00:00:00'),
(95,	1,	'Wed Feb 07',	'0',	1,	0,	'0',	2,	'3',	'03:05',	0.000,	'',	'2024-02-07 00:00:00'),
(96,	1,	'2024-02-07',	'0',	1,	0,	'0',	2,	'3',	'02:00',	0.000,	'',	'2024-02-07 00:00:00'),
(97,	1,	'2024-02-07',	'0',	1,	0,	'0',	3,	'51',	'02:05',	0.000,	'',	'2024-02-07 00:00:00'),
(98,	1,	'2024-02-27',	'0',	1,	0,	'0',	2,	'8',	'07:15',	69.000,	'',	'2024-02-27 00:00:00'),
(99,	1,	'2024-02-28',	'0',	1,	0,	'0',	3,	'9',	'02:05',	0.000,	'',	'2024-02-27 00:00:00'),
(100,	1,	'2024-02-28',	'0',	1,	0,	'0',	2,	'8',	'01:05',	456.000,	'',	'2024-02-27 00:00:00'),
(101,	1,	'2024-02-27',	'0',	1,	0,	'0',	2,	'8',	'04:10',	563.000,	'',	'2024-02-27 00:00:00'),
(102,	1,	'2024-02-27',	'0',	1,	0,	'0',	3,	'9',	'01:05',	0.000,	'',	'2024-02-27 00:00:00'),
(103,	1,	'2024-02-27',	'0',	1,	0,	'0',	2,	'8',	'04:00',	694.000,	'',	'2024-02-27 00:00:00'),
(104,	1,	'2024-02-27',	'0',	1,	0,	'0',	3,	'13',	'02:15',	69.000,	'',	'2024-02-28 00:00:00'),
(105,	1,	'2024-02-27',	'0',	1,	0,	'0',	3,	'9',	'04:05',	6984.000,	'',	'2024-02-28 00:00:00'),
(106,	1,	'2024-02-27',	'0',	1,	0,	'0',	3,	'9',	'01:05',	698.000,	'',	'2024-02-28 00:00:00'),
(107,	1,	'2024-02-28',	'0',	1,	0,	'0',	3,	'9',	'04:10',	469.000,	'',	'2024-02-28 00:00:00'),
(108,	1,	'2024-02-28',	'0',	1,	0,	'0',	3,	'9',	'04:10',	469.000,	'',	'2024-02-28 00:00:00'),
(109,	1,	'2024-02-28',	'0',	1,	0,	'0',	4,	'19',	'04:00',	400.000,	'',	'2024-02-28 00:00:00'),
(110,	1,	'2024-02-28',	'0',	1,	0,	'0',	1,	'2',	'02:00',	123.000,	'',	'2024-02-28 00:00:00'),
(111,	1,	'2024-02-28',	'0',	1,	0,	'0',	4,	'19',	'04:00',	4444.000,	'',	'2024-02-28 00:00:00'),
(112,	1,	'2024-02-28',	'0',	1,	0,	'0',	4,	'5',	'02:55',	4321.000,	'',	'2024-02-28 00:00:00'),
(113,	1,	'2024-02-28',	'0',	1,	0,	'0',	4,	'10',	'03:55',	258.000,	'',	'2024-02-28 00:00:00'),
(114,	1,	'2024-02-25',	'0',	1,	0,	'0',	2,	'8',	'02:05',	0.000,	'',	'2024-02-28 00:00:00'),
(115,	1,	'2024-01-04',	'0',	1,	0,	'0',	3,	'4',	'02:05',	0.000,	'',	'2024-02-28 00:00:00'),
(116,	1,	'2024-02-28',	'0',	1,	0,	'0',	2,	'3',	'01:05',	69.000,	'',	'2024-02-28 00:00:00'),
(117,	1,	'2024-01-05',	'0',	1,	0,	'0',	4,	'14',	'02:10',	5.000,	'',	'2024-02-28 00:00:00'),
(118,	1,	'2024-02-27',	'0',	1,	0,	'0',	4,	'19',	'07:30',	999999.999,	'',	'2024-02-28 00:00:00'),
(119,	1,	'2024-03-01',	'0',	1,	0,	'0',	4,	'10',	'03:10',	36.000,	'',	'2024-02-29 00:00:00'),
(120,	26,	'2024-03-01',	'0',	1,	0,	'0',	3,	'9',	'03:10',	58963.000,	'',	'2024-03-01 00:00:00');

DROP TABLE IF EXISTS `z_subtarea`;
CREATE TABLE `z_subtarea` (
  `id` int NOT NULL AUTO_INCREMENT,
  `id_finca` int NOT NULL DEFAULT '1',
  `codigo_subtarea` varchar(10) COLLATE utf8mb3_spanish2_ci NOT NULL,
  `nombre_subtarea` varchar(150) COLLATE utf8mb3_spanish2_ci NOT NULL,
  `tarea_id` int NOT NULL,
  `estado` varchar(1) COLLATE utf8mb3_spanish2_ci NOT NULL,
  `unidad_labor_id` int NOT NULL,
  `tipo_pago_id` int NOT NULL,
  `tarifa` decimal(7,3) NOT NULL,
  `documento_soporte` varchar(255) COLLATE utf8mb3_spanish2_ci NOT NULL,
  `comentarios_cambio` text COLLATE utf8mb3_spanish2_ci NOT NULL,
  PRIMARY KEY (`id`)
) ENGINE=InnoDB DEFAULT CHARSET=utf8mb3 COLLATE=utf8mb3_spanish2_ci;

INSERT INTO `z_subtarea` (`id`, `id_finca`, `codigo_subtarea`, `nombre_subtarea`, `tarea_id`, `estado`, `unidad_labor_id`, `tipo_pago_id`, `tarifa`, `documento_soporte`, `comentarios_cambio`) VALUES
(1,	1,	'',	'NOMBRE',	4,	'A',	5,	2,	0.000,	'',	''),
(2,	1,	'CODINV',	'ENCARGADO DE INVENTARIOS',	4,	'A',	5,	2,	0.000,	'',	''),
(3,	1,	'',	'ALIMENTACION DE PERSONAL',	4,	'A',	2,	2,	25.000,	'',	''),
(4,	1,	'',	'SEGURIDAD',	4,	'A',	5,	2,	0.000,	'',	''),
(5,	1,	'',	'Mantenimiento area sociales',	0,	'A',	2,	0,	20.000,	'',	''),
(6,	1,	'',	'OPERADOR TRACTOR DE ORUGAS',	0,	'I',	2,	2,	36.360,	'',	''),
(7,	1,	'',	'OPERADOR TRACTOR DE RUEDAS',	0,	'I',	5,	0,	0.000,	'',	''),
(8,	1,	'LBV001',	'Operador mini excavadora',	2,	'A',	2,	0,	36.360,	'',	''),
(9,	1,	'',	'CHOFER CAMION INO 300',	4,	'A',	5,	2,	0.000,	'',	''),
(11,	1,	'',	'Roza machete suave por avance',	0,	'A',	1,	0,	26.150,	'',	''),
(12,	1,	'CMM003',	'Corona cacao avance',	1,	'A',	6,	0,	0.025,	'',	''),
(13,	1,	'',	'Aplicacion de herbicida suave',	0,	'A',	1,	0,	11.000,	'',	''),
(16,	1,	'AIA002',	'Aplicación fertilizantes edáfico mas 150 gr',	9,	'A',	1,	0,	8.000,	'',	''),
(17,	1,	'RIE001',	'Riego',	3,	'A',	2,	0,	20.000,	'',	''),
(18,	1,	'',	'Auxiliar de riego',	4,	'A',	5,	2,	0.000,	'',	''),
(19,	1,	'',	'SUPERVISOR DE RIEGO',	4,	'A',	5,	2,	0.000,	'',	''),
(20,	1,	'',	'CONSTRUCCION MANUAL DE CANALES',	0,	'A',	2,	0,	17.000,	'',	''),
(21,	1,	'',	'PODA CACAO AVANCE 1',	4,	'A',	5,	2,	0.000,	'',	''),
(22,	1,	'LBV001',	'Labores varias',	2,	'A',	2,	2,	17.000,	'',	''),
(23,	1,	'AIA003',	'Aplicación con motobomba',	4,	'A',	1,	0,	8.000,	'',	''),
(24,	1,	'',	'SUPERVISOR DE CAMPO',	4,	'A',	5,	2,	0.000,	'',	''),
(25,	1,	'',	'APLICACION DE COMPOST',	4,	'A',	5,	2,	1.000,	'991ec-71817-capturar-de-pantalla.png',	''),
(26,	1,	'LBV001',	'Ayudante de maquinaria',	2,	'A',	2,	2,	17.000,	'',	''),
(27,	1,	'SMF02',	'Saneo mazorcas suave',	4,	'A',	1,	0,	4.490,	'',	''),
(28,	1,	'',	'LIMPIEZA EMPACADORA',	4,	'A',	5,	2,	0.000,	'',	''),
(29,	1,	'MAS001',	'Ayudante area social',	8,	'A',	2,	0,	18.000,	'',	''),
(30,	1,	'',	'Carga camión de cacao',	0,	'A',	2,	0,	17.000,	'',	''),
(32,	1,	'',	'Enzunchar platano',	0,	'A',	2,	0,	17.000,	'',	''),
(33,	1,	'',	'Encinte de platano',	0,	'A',	2,	0,	17.000,	'',	''),
(34,	1,	'',	'ELIMINACION HIJO DE AGUA PLATANO',	0,	'A',	1,	0,	35.940,	'',	''),
(35,	1,	'',	'REALIZAR PUNTAL ALCUJE',	4,	'A',	5,	2,	0.000,	'',	''),
(36,	1,	'',	'APLICACION PASTA BORDELESA',	4,	'A',	5,	2,	0.000,	'',	''),
(37,	1,	'',	'BAJAR CUJE DE CAMION',	4,	'A',	5,	2,	0.000,	'',	''),
(38,	1,	'',	'APUNTALAR PLATANO',	0,	'A',	2,	0,	17.000,	'',	''),
(39,	1,	'LBV001',	'Apuntalar cacao',	10,	'A',	2,	2,	17.000,	'',	''),
(40,	1,	'',	'ELABORACION DE ESTAQUILLAS',	4,	'A',	5,	2,	0.000,	'',	''),
(41,	1,	'',	'SACAR TOTORA',	4,	'A',	5,	2,	0.000,	'',	''),
(42,	1,	'',	'AYUDANTE TOPOGRAFIA',	4,	'A',	5,	2,	0.000,	'',	''),
(43,	1,	'',	'DESHOJE PLATANO',	0,	'A',	1,	0,	6.000,	'',	''),
(44,	1,	'',	'Deschante de platano',	0,	'A',	1,	0,	15.000,	'',	''),
(45,	1,	'',	'RECOLECCION DE BASURA',	4,	'A',	5,	2,	0.000,	'',	''),
(46,	1,	'',	'ROZA RESERVORIO',	4,	'A',	5,	2,	0.000,	'',	''),
(47,	1,	'',	'ROZA LINDEROS',	4,	'A',	5,	2,	0.000,	'',	''),
(48,	1,	'',	'PODA CACAO LABOR',	4,	'A',	5,	2,	0.000,	'',	''),
(49,	1,	'',	'Ayudante de canguro',	4,	'A',	2,	2,	17.000,	'',	''),
(50,	1,	'AHL',	'Aplicación herbicida labor',	1,	'A',	2,	0,	17.000,	'',	''),
(51,	1,	'RML',	'Roza machete labor',	2,	'A',	2,	2,	17.000,	'',	''),
(52,	1,	'CCL',	'Corona cacao labor',	1,	'A',	2,	0,	17.000,	'',	''),
(53,	1,	'',	'Corona plátano avance',	0,	'A',	6,	0,	0.030,	'',	''),
(55,	1,	'RSB',	'Resiembra de cacao',	12,	'A',	2,	2,	17.000,	'',	''),
(56,	1,	'FJ',	'Falta justificada',	2,	'A',	2,	0,	-17.000,	'',	''),
(57,	1,	'',	'Falta justificada por permiso',	0,	'A',	2,	0,	-17.000,	'',	''),
(58,	1,	'FI',	'Falta injustificada',	2,	'A',	2,	0,	-26.360,	'',	''),
(59,	1,	'',	'Destalle de platano',	0,	'A',	8,	0,	0.050,	'',	''),
(60,	1,	'',	'PODA LABOR',	4,	'A',	5,	2,	0.000,	'',	''),
(61,	1,	'RPSRJ',	'Riego jornal',	3,	'A',	2,	0,	17.000,	'',	''),
(62,	1,	'',	'RECOLECCIÓN DE PIEDRAS PARA BADEN',	4,	'A',	5,	2,	0.000,	'',	''),
(63,	1,	'VAC',	'Vacaciones obligatorias',	7,	'A',	2,	2,	0.000,	'',	''),
(64,	1,	'',	'Aplicacion de quelato hierro',	4,	'A',	2,	2,	17.000,	'',	''),
(65,	1,	'',	'OPERADOR DE CANGURO ENTRENAMIENTO',	4,	'A',	5,	2,	0.000,	'',	''),
(66,	1,	'',	'APLICACIÓN DE FOLIARES',	4,	'A',	5,	2,	0.000,	'',	''),
(67,	1,	'LBV001',	'Repique de platano',	11,	'A',	2,	2,	17.000,	'',	''),
(68,	1,	'',	'ROZA MACHETE AVANCE LOTE 3-4',	4,	'A',	5,	2,	0.000,	'',	''),
(69,	1,	'',	'SUBTAREA PRUEBA TARIFA',	4,	'A',	5,	2,	0.000,	'',	''),
(71,	1,	'',	'Roza machete pesada por avance',	0,	'A',	1,	0,	40.000,	'',	''),
(72,	1,	'',	'Destalle de platano labor',	0,	'A',	2,	0,	17.000,	'',	''),
(73,	1,	'CMM001',	'Roza guadaña pesada avance',	1,	'A',	1,	0,	16.000,	'',	''),
(75,	1,	'',	'PODA CACAO AVANCE 3',	4,	'A',	5,	2,	0.000,	'',	''),
(76,	1,	'SMF02',	'Saneo mazorcas pesada',	4,	'A',	1,	0,	8.000,	'',	''),
(77,	1,	'',	'Aplicacion de herbicida pesada',	0,	'A',	1,	0,	16.000,	'',	''),
(78,	1,	'',	'Eliminacion hijo de agua avance',	0,	'I',	5,	0,	0.000,	'',	''),
(79,	1,	'',	'Roza machete canales avance',	0,	'A',	5,	0,	0.180,	'',	''),
(81,	1,	'COC004',	'Cosecha cacao temp. baja ',	5,	'A',	4,	0,	0.055,	'',	''),
(82,	1,	'AIA002',	'Aplicacion fertilizantes -150 gr edafico',	9,	'A',	1,	0,	6.000,	'',	''),
(83,	1,	'',	'Selectada de platano',	0,	'A',	1,	0,	12.000,	'',	''),
(84,	1,	'',	'Deschive plátano labor',	0,	'A',	2,	0,	17.000,	'',	''),
(85,	1,	'COC003',	'Cosecha cacao temp. alta',	5,	'A',	4,	0,	0.037,	'',	''),
(86,	1,	'CSP',	'Cosecha plátano',	5,	'A',	3,	3,	0.025,	'',	''),
(87,	1,	'',	'Poscosecha cacao',	6,	'A',	2,	2,	18.000,	'',	''),
(88,	1,	'MAS001',	'Jardinero',	8,	'A',	2,	2,	20.000,	'',	''),
(89,	2,	'',	'Cosecha cacao alta RAMEFA',	5,	'A',	4,	3,	0.035,	'',	''),
(90,	2,	'',	'Riego RAMEFA',	3,	'A',	2,	2,	20.000,	'',	''),
(91,	2,	'',	'Labores varias RAMEFA',	2,	'A',	2,	2,	17.000,	'',	''),
(92,	2,	'',	'Saneo mazorcas RAMEFA',	4,	'A',	1,	1,	8.980,	'',	''),
(93,	2,	'',	'Aplicacion herbicida RAMEFA',	0,	'A',	1,	1,	10.500,	'',	''),
(94,	2,	'',	'Roza machete RAMEFA',	0,	'A',	1,	1,	25.000,	'',	''),
(95,	2,	'',	'Riego jornal RAMEFA',	3,	'A',	2,	2,	17.000,	'',	'');

DROP TABLE IF EXISTS `z_tabla_am`;
CREATE TABLE `z_tabla_am` (
  `id` int NOT NULL AUTO_INCREMENT,
  `fecha` varchar(10) COLLATE utf8mb3_spanish2_ci NOT NULL,
  `hora` varchar(8) COLLATE utf8mb3_spanish2_ci NOT NULL,
  `finca` int DEFAULT NULL,
  `responsable_id` int DEFAULT NULL,
  `cultivo_id` int DEFAULT NULL,
  `lote_id` int DEFAULT NULL,
  `modulos` varchar(50) COLLATE utf8mb3_spanish2_ci DEFAULT NULL,
  `personal_id` int DEFAULT NULL,
  `subtarea_id` int DEFAULT NULL,
  `tiene_pm` varchar(1) COLLATE utf8mb3_spanish2_ci NOT NULL DEFAULT '0',
  PRIMARY KEY (`id`)
) ENGINE=InnoDB DEFAULT CHARSET=utf8mb3 COLLATE=utf8mb3_spanish2_ci;

INSERT INTO `z_tabla_am` (`id`, `fecha`, `hora`, `finca`, `responsable_id`, `cultivo_id`, `lote_id`, `modulos`, `personal_id`, `subtarea_id`, `tiene_pm`) VALUES
(9583,	'2023-12-05',	'11:40',	1,	26,	1,	5,	'1',	260,	81,	'0'),
(9584,	'2023-12-06',	'13:49',	1,	1,	1,	2,	'3',	227,	85,	'0'),
(9585,	'2023-12-04',	'13:49',	1,	1,	1,	2,	'3',	258,	85,	'0'),
(9586,	'2023-12-03',	'13:49',	1,	1,	1,	2,	'3',	218,	85,	'0'),
(9587,	'2023-12-02',	'13:49',	1,	1,	1,	2,	'3',	233,	85,	'0'),
(9588,	'2023-12-01',	'13:49',	1,	1,	1,	2,	'3',	216,	85,	'0'),
(9589,	'2023-12-06',	'11:50',	1,	1,	1,	5,	'6,37',	267,	85,	'0'),
(9590,	'2023-12-06',	'11:50',	1,	1,	1,	5,	'6,37',	256,	85,	'0'),
(9591,	'2023-12-06',	'12:49',	1,	1,	1,	5,	'1,6,37',	273,	81,	'0'),
(9592,	'2023-12-06',	'13:00',	1,	26,	1,	4,	'42',	126,	81,	'0'),
(9593,	'2023-12-06',	'11:50',	1,	1,	1,	5,	'6,37',	267,	85,	'0'),
(9594,	'2023-12-06',	'11:50',	1,	1,	1,	5,	'6,37',	256,	85,	'0'),
(9595,	'2023-12-06',	'13:00',	1,	26,	1,	4,	'42',	126,	81,	'0'),
(9596,	'2023-12-06',	'12:49',	1,	1,	1,	5,	'1,6,37',	273,	81,	'0'),
(9597,	'2023-12-06',	'14:48',	1,	1,	1,	4,	'42',	4,	39,	'0'),
(9598,	'2023-12-06',	'23:45',	1,	1,	1,	1,	'11',	216,	64,	'0'),
(9599,	'2023-12-06',	'23:54',	1,	1,	1,	3,	'4',	218,	82,	'0'),
(9600,	'2023-12-06',	'23:58',	1,	1,	1,	5,	'6',	277,	77,	'0'),
(9601,	'2023-12-07',	'0:26',	1,	1,	1,	5,	'1,6',	233,	66,	'0'),
(9602,	'2023-12-07',	'0:26',	1,	1,	1,	5,	'1,6',	258,	66,	'0'),
(9603,	'2023-12-07',	'0:26',	1,	1,	1,	5,	'1,6',	216,	66,	'0'),
(9604,	'2023-12-07',	'0:41',	1,	1,	1,	2,	'8',	256,	13,	'0'),
(9605,	'2023-12-06',	'21:26',	1,	1,	1,	2,	'3',	267,	77,	'0'),
(9606,	'2023-12-06',	'21:26',	1,	1,	1,	2,	'3',	248,	77,	'0'),
(9607,	'2023-12-06',	'21:26',	1,	1,	1,	2,	'3',	258,	77,	'0'),
(9608,	'2023-12-06',	'21:26',	1,	1,	1,	2,	'3',	216,	77,	'0'),
(9609,	'2023-12-06',	'21:50',	1,	1,	1,	2,	'8',	277,	77,	'0'),
(9610,	'2023-12-07',	'9:42',	1,	26,	1,	4,	'42,52,5,10',	227,	85,	'0'),
(9611,	'2023-12-07',	'11:00',	2,	285,	1,	18,	'45',	321,	89,	'0'),
(9612,	'2023-12-07',	'11:00',	2,	285,	1,	18,	'45',	293,	89,	'0'),
(9613,	'2023-12-07',	'11:02',	2,	285,	1,	14,	'61',	287,	89,	'0'),
(9614,	'2023-12-07',	'11:02',	2,	285,	1,	14,	'61',	288,	89,	'0'),
(9615,	'2023-12-07',	'11:02',	2,	285,	1,	14,	'61',	319,	89,	'0'),
(9616,	'2023-12-07',	'11:03',	1,	1,	1,	2,	'21,25',	233,	77,	'0'),
(9617,	'2023-12-07',	'11:03',	1,	1,	1,	2,	'21,25',	216,	77,	'0'),
(9618,	'2023-12-07',	'11:03',	1,	1,	1,	2,	'21,25',	258,	77,	'0'),
(9619,	'2023-12-07',	'11:03',	1,	1,	1,	2,	'12',	227,	85,	'0'),
(9620,	'2023-12-07',	'11:03',	1,	1,	1,	2,	'12',	267,	85,	'0'),
(9621,	'2023-12-07',	'11:03',	1,	1,	1,	2,	'12',	218,	85,	'0'),
(9622,	'2023-12-07',	'11:03',	1,	1,	1,	2,	'12',	277,	85,	'0'),
(9623,	'2023-12-07',	'11:14',	1,	1,	1,	3,	'4',	216,	13,	'0'),
(9624,	'2023-12-07',	'11:14',	1,	1,	1,	3,	'4',	233,	13,	'0'),
(9625,	'2023-12-07',	'11:15',	1,	1,	1,	4,	'5',	227,	85,	'0'),
(9626,	'2023-12-07',	'11:15',	1,	1,	1,	4,	'5',	258,	85,	'0'),
(9627,	'2023-12-07',	'11:15',	1,	1,	1,	4,	'5',	277,	85,	'0'),
(9628,	'2023-12-07',	'11:29',	1,	1,	1,	5,	'1',	227,	39,	'0'),
(9629,	'2023-12-07',	'11:30',	1,	1,	1,	3,	'4',	258,	85,	'0'),
(9630,	'2023-12-07',	'11:30',	1,	1,	1,	3,	'4',	233,	85,	'0'),
(9631,	'2023-12-07',	'11:30',	1,	1,	1,	3,	'4',	218,	85,	'0'),
(9632,	'2023-12-07',	'11:36',	1,	1,	1,	1,	'11,16',	233,	85,	'0'),
(9633,	'2023-12-07',	'11:36',	1,	1,	1,	1,	'11,16',	258,	85,	'0'),
(9634,	'2023-12-07',	'11:36',	1,	1,	1,	1,	'11,16',	216,	85,	'0'),
(9635,	'2023-12-07',	'12:26',	1,	1,	1,	5,	'1,6,37',	227,	85,	'0'),
(9636,	'2023-12-07',	'12:26',	1,	1,	1,	5,	'1,6,37',	233,	85,	'0'),
(9637,	'2023-12-07',	'12:26',	1,	1,	1,	5,	'1,6,37',	216,	85,	'0'),
(9638,	'2023-12-07',	'12:26',	1,	1,	1,	5,	'1,6,37',	258,	85,	'0'),
(9639,	'2023-12-07',	'12:26',	1,	1,	1,	5,	'1,6,37',	218,	85,	'0'),
(9640,	'2023-12-07',	'13:04',	1,	1,	1,	3,	'51,9',	227,	85,	'0'),
(9641,	'2023-12-07',	'13:04',	1,	1,	1,	3,	'51,9',	233,	85,	'0'),
(9642,	'2023-12-07',	'13:04',	1,	1,	1,	3,	'51,9',	258,	85,	'0'),
(9643,	'2023-12-07',	'13:04',	1,	1,	1,	3,	'51,9',	216,	85,	'0'),
(9644,	'2023-12-07',	'13:04',	1,	1,	1,	3,	'51,9',	218,	85,	'0'),
(9645,	'2023-12-07',	'15:39',	1,	1,	1,	3,	'41,4,9,13',	277,	85,	'0'),
(9646,	'2023-12-07',	'15:39',	1,	1,	1,	3,	'41,4,9,13',	256,	85,	'0'),
(9647,	'2023-12-07',	'15:39',	1,	1,	1,	3,	'41,4,9,13',	267,	85,	'0'),
(9648,	'2023-12-07',	'15:39',	1,	1,	1,	3,	'41,4,9,13',	4,	85,	'0'),
(9649,	'2023-12-07',	'15:39',	1,	1,	1,	3,	'41,4,9,13',	265,	85,	'0'),
(9650,	'2023-12-07',	'15:39',	1,	1,	1,	3,	'41,4,9,13',	210,	85,	'0'),
(9651,	'2023-12-07',	'15:55',	1,	1,	1,	3,	'9,13',	277,	85,	'0'),
(9652,	'2023-12-07',	'15:55',	1,	1,	1,	3,	'9,13',	267,	85,	'0'),
(9653,	'2023-12-07',	'15:55',	1,	1,	1,	3,	'9,13',	256,	85,	'0'),
(9654,	'2023-12-07',	'18:17',	2,	285,	1,	12,	'38,39',	286,	89,	'0'),
(9655,	'2023-12-07',	'18:17',	2,	285,	1,	12,	'38,39',	321,	89,	'0'),
(9656,	'2023-12-07',	'18:17',	2,	285,	1,	12,	'38,39',	293,	89,	'0'),
(9657,	'2023-12-07',	'18:17',	2,	285,	1,	12,	'38,39',	287,	89,	'0'),
(9658,	'2023-12-07',	'18:17',	2,	285,	1,	12,	'38,39',	288,	89,	'0'),
(9659,	'2023-12-07',	'18:38',	1,	1,	1,	5,	'1,6,37',	227,	81,	'0'),
(9660,	'2023-12-07',	'18:38',	1,	1,	1,	5,	'1,6,37',	233,	81,	'0'),
(9661,	'2023-12-07',	'18:38',	1,	1,	1,	5,	'1,6,37',	258,	81,	'0'),
(9662,	'2024-02-05',	'16:30',	1,	1,	1,	1,	'7,11,16',	227,	85,	'0'),
(9663,	'2024-02-05',	'16:30',	1,	1,	1,	1,	'7,11,16',	233,	85,	'0'),
(9664,	'2024-02-05',	'16:30',	1,	1,	1,	1,	'7,11,16',	258,	85,	'0'),
(9665,	'2024-02-05',	'13:15',	1,	1,	1,	2,	'8,12',	258,	85,	'0'),
(9666,	'2024-02-05',	'13:15',	1,	1,	1,	2,	'8,12',	216,	85,	'0'),
(9667,	'2024-02-05',	'9:33',	1,	1,	1,	3,	'51,9',	227,	85,	'0'),
(9668,	'2024-02-05',	'9:33',	1,	1,	1,	3,	'51,9',	233,	85,	'0'),
(9669,	'2024-02-05',	'9:33',	1,	1,	1,	3,	'51,9',	258,	85,	'0'),
(9670,	'2024-02-05',	'9:33',	1,	1,	1,	3,	'51,9',	216,	85,	'0'),
(9671,	'2024-02-05',	'9:33',	1,	1,	1,	3,	'51,9',	218,	85,	'0'),
(9672,	'2024-02-06',	'2:27',	1,	26,	1,	4,	'5',	233,	13,	'0'),
(9673,	'2024-02-06',	'2:27',	1,	26,	1,	4,	'5',	258,	13,	'0'),
(9674,	'2024-02-06',	'3:42',	1,	1,	1,	3,	'51,4',	216,	77,	'0'),
(9675,	'2024-02-06',	'3:42',	1,	1,	1,	3,	'51,4',	218,	77,	'0'),
(9676,	'2024-02-06',	'3:42',	1,	1,	1,	3,	'51,4',	277,	77,	'0'),
(9677,	'2024-02-06',	'3:42',	1,	1,	1,	3,	'51,4',	267,	77,	'0'),
(9678,	'2024-02-05',	'23:15',	1,	1,	1,	1,	'11,20',	258,	64,	'0'),
(9679,	'2024-02-05',	'23:15',	1,	1,	1,	1,	'11,20',	216,	64,	'0'),
(9680,	'2024-02-05',	'23:16',	1,	1,	1,	3,	'4,9',	227,	3,	'0'),
(9681,	'2024-02-05',	'23:33',	1,	1,	1,	2,	'3,12',	233,	85,	'0'),
(9682,	'2024-02-05',	'23:33',	1,	1,	1,	2,	'3,12',	258,	85,	'0'),
(9683,	'2024-02-05',	'23:33',	1,	1,	1,	2,	'3,12',	216,	85,	'0'),
(9684,	'2024-02-05',	'NaN:NaN',	1,	1,	1,	3,	'4,9',	227,	81,	'0'),
(9685,	'2024-02-05',	'NaN:NaN',	1,	1,	1,	3,	'4,9',	258,	81,	'0'),
(9686,	'2024-02-05',	'NaN:NaN',	1,	1,	1,	3,	'4,9',	216,	81,	'0'),
(9687,	'2024-02-05',	'NaN:NaN',	1,	1,	1,	2,	'8',	233,	13,	'0'),
(9688,	'2024-02-05',	'NaN:NaN',	1,	1,	1,	2,	'8',	258,	13,	'0'),
(9689,	'2024-02-05',	'NaN:NaN',	1,	1,	1,	3,	'4',	233,	64,	'0'),
(9690,	'2024-02-05',	'NaN:NaN',	1,	1,	1,	3,	'4',	258,	64,	'0'),
(9691,	'2024-02-06',	'NaN:NaN',	1,	1,	1,	3,	'4,9',	227,	13,	'0'),
(9692,	'2024-02-06',	'NaN:NaN',	1,	1,	1,	3,	'4,9',	256,	13,	'0'),
(9693,	'2024-02-06',	'NaN:NaN',	1,	1,	1,	3,	'4,9',	4,	13,	'0'),
(9694,	'2024-02-06',	'NaN:NaN',	1,	1,	1,	1,	'7,11',	210,	77,	'0'),
(9695,	'2024-02-06',	'NaN:NaN',	1,	1,	1,	1,	'7,11',	85,	77,	'0'),
(9696,	'2024-02-06',	'NaN:NaN',	1,	1,	1,	1,	'7,11',	320,	77,	'0'),
(9697,	'2024-02-06',	'NaN:NaN',	1,	1,	1,	1,	'11,16',	30,	13,	'0'),
(9698,	'2024-02-06',	'NaN:NaN',	1,	1,	1,	1,	'11,16',	2,	13,	'0'),
(9699,	'2024-02-06',	'NaN:NaN',	1,	1,	1,	1,	'11,16',	28,	13,	'0'),
(9700,	'2024-02-06',	'01:41:07',	1,	1,	1,	1,	'7',	27,	77,	'0'),
(9701,	'2024-02-06',	'01:41:07',	1,	1,	1,	1,	'7',	6,	77,	'0'),
(9702,	'2024-02-06',	'01:41:07',	1,	1,	1,	1,	'7',	249,	77,	'0'),
(9703,	'2024-02-06',	'01:52:33',	1,	1,	1,	1,	'11,16',	228,	13,	'0'),
(9704,	'2024-02-06',	'01:52:33',	1,	1,	1,	1,	'11,16',	222,	13,	'0'),
(9705,	'2024-02-06',	'02:07:49',	1,	1,	1,	4,	'5,10',	265,	77,	'0'),
(9706,	'2024-02-06',	'02:07:49',	1,	1,	1,	4,	'5,10',	273,	77,	'0'),
(9707,	'2024-02-06',	'02:07:49',	1,	1,	1,	4,	'5,10',	254,	77,	'0'),
(9708,	'2024-02-06',	'02:24',	1,	1,	1,	1,	'7,11',	126,	77,	'0'),
(9709,	'2024-02-06',	'02:24',	1,	1,	1,	1,	'7,11',	211,	77,	'0'),
(9710,	'2024-02-05',	'21:58',	1,	1,	1,	1,	'11',	253,	64,	'0'),
(9711,	'2024-02-05',	'22:00',	1,	1,	1,	1,	'11',	281,	64,	'0'),
(9712,	'2024-02-06',	'10:38',	1,	1,	1,	1,	'7,11',	281,	13,	'0'),
(9713,	'2024-02-06',	'10:38',	1,	1,	1,	1,	'7,11',	248,	13,	'0'),
(9714,	'2024-02-06',	'11:09',	1,	1,	1,	1,	'11',	216,	64,	'0'),
(9715,	'2024-02-06',	'12:40',	1,	1,	4,	2,	'3,8',	233,	77,	'0'),
(9716,	'2024-02-06',	'12:40',	1,	1,	4,	2,	'3,8',	258,	77,	'0'),
(9717,	'2024-02-06',	'12:43',	1,	1,	1,	3,	'4,9',	218,	85,	'0'),
(9718,	'2024-02-06',	'12:43',	1,	1,	1,	3,	'4,9',	277,	85,	'0'),
(9719,	'2024-02-07',	'00:01',	1,	1,	1,	2,	'12',	216,	85,	'0'),
(9720,	'2024-02-07',	'00:02',	1,	1,	4,	2,	'3',	227,	85,	'0'),
(9721,	'2024-02-07',	'00:02',	1,	1,	4,	2,	'3',	258,	85,	'0'),
(9722,	'2024-02-07',	'00:02',	1,	1,	4,	2,	'3',	233,	85,	'0'),
(9723,	'2024-02-07',	'00:24',	1,	1,	1,	1,	'2,7',	227,	66,	'0'),
(9724,	'2024-02-07',	'00:24',	1,	1,	1,	1,	'2,7',	233,	66,	'0'),
(9725,	'2024-02-07',	'00:24',	1,	1,	1,	1,	'2,7',	258,	66,	'0'),
(9726,	'2024-02-07',	'00:24',	1,	1,	1,	1,	'2,7',	216,	66,	'0'),
(9727,	'2024-02-07',	'00:24',	1,	1,	1,	1,	'2,7',	218,	66,	'0'),
(9728,	'2024-02-07',	'00:24',	1,	1,	1,	1,	'2,7',	277,	66,	'0'),
(9729,	'2024-02-07',	'01:11',	1,	1,	1,	3,	'9',	227,	85,	'0'),
(9730,	'2024-02-07',	'01:11',	1,	1,	1,	3,	'9',	216,	85,	'0'),
(9731,	'2024-02-07',	'01:11',	1,	1,	1,	3,	'9',	233,	85,	'0'),
(9732,	'2024-02-07',	'01:11',	1,	1,	1,	3,	'9',	258,	85,	'0'),
(9733,	'2024-02-07',	'01:11',	1,	1,	1,	3,	'9',	218,	85,	'0'),
(9734,	'2024-02-07',	'01:11',	1,	1,	1,	3,	'9',	277,	85,	'0'),
(9735,	'2024-02-07',	'01:11',	1,	1,	1,	3,	'9',	267,	85,	'0'),
(9736,	'2024-02-07',	'01:11',	1,	1,	1,	3,	'9',	256,	85,	'0'),
(9737,	'2024-02-07',	'01:11',	1,	1,	1,	3,	'9',	4,	85,	'0'),
(9738,	'2024-02-07',	'01:19',	1,	1,	1,	2,	'8',	227,	85,	'0'),
(9739,	'2024-02-07',	'01:19',	1,	1,	1,	2,	'8',	233,	85,	'0'),
(9740,	'2024-02-07',	'01:19',	1,	1,	1,	2,	'8',	258,	85,	'0'),
(9741,	'2024-02-07',	'01:19',	1,	1,	1,	2,	'8',	216,	85,	'0'),
(9742,	'2024-02-07',	'01:19',	1,	1,	1,	2,	'8',	218,	85,	'0'),
(9743,	'2024-02-07',	'01:19',	1,	1,	1,	2,	'8',	277,	85,	'0'),
(9744,	'2024-02-07',	'01:36',	1,	1,	1,	4,	'5',	227,	85,	'0'),
(9745,	'2024-02-07',	'01:36',	1,	1,	1,	4,	'5',	258,	85,	'0'),
(9746,	'2024-02-07',	'01:36',	1,	1,	1,	4,	'5',	216,	85,	'0'),
(9747,	'2024-02-07',	'01:36',	1,	1,	1,	4,	'5',	277,	85,	'0'),
(9748,	'2024-02-07',	'01:36',	1,	1,	1,	4,	'5',	233,	85,	'0'),
(9749,	'2024-02-07',	'01:36',	1,	1,	1,	4,	'5',	218,	85,	'0'),
(9750,	'2024-02-07',	'01:48',	1,	1,	1,	2,	'8',	227,	85,	'0'),
(9751,	'2024-02-07',	'01:48',	1,	1,	1,	2,	'8',	233,	85,	'0'),
(9752,	'2024-02-07',	'01:48',	1,	1,	1,	2,	'8',	258,	85,	'0'),
(9753,	'2024-02-07',	'01:48',	1,	1,	1,	2,	'8',	216,	85,	'0'),
(9754,	'2024-02-07',	'01:48',	1,	1,	1,	2,	'8',	218,	85,	'0'),
(9755,	'2024-02-07',	'01:48',	1,	1,	1,	2,	'8',	277,	85,	'0'),
(9756,	'2024-02-07',	'12:39',	1,	1,	1,	2,	'8,17',	233,	85,	'0'),
(9757,	'2024-02-07',	'12:39',	1,	1,	1,	2,	'8,17',	227,	85,	'0'),
(9758,	'2024-02-07',	'12:39',	1,	1,	1,	2,	'8,17',	258,	85,	'0'),
(9759,	'2024-02-07',	'12:39',	1,	1,	1,	2,	'8,17',	216,	85,	'0'),
(9760,	'2024-02-07',	'14:22',	1,	1,	1,	3,	'4,9',	227,	85,	'0'),
(9761,	'2024-02-07',	'14:22',	1,	1,	1,	3,	'4,9',	233,	85,	'0'),
(9762,	'2024-02-07',	'14:22',	1,	1,	1,	3,	'4,9',	218,	85,	'0'),
(9763,	'2024-02-07',	'14:22',	1,	1,	1,	3,	'4,9',	258,	85,	'0'),
(9764,	'2024-02-07',	'14:22',	1,	1,	1,	3,	'4,9',	216,	85,	'0'),
(9765,	'2024-02-07',	'17:33',	1,	1,	1,	1,	'16',	227,	66,	'0'),
(9766,	'2024-02-07',	'17:33',	1,	1,	1,	1,	'16',	233,	66,	'0'),
(9767,	'2024-02-07',	'17:33',	1,	1,	1,	1,	'16',	258,	66,	'0'),
(9768,	'2024-02-07',	'17:33',	1,	1,	1,	1,	'16',	216,	66,	'0'),
(9769,	'2024-02-07',	'17:33',	1,	1,	1,	1,	'16',	218,	66,	'0'),
(9770,	'2024-02-16',	'11:37',	1,	1,	1,	1,	'2,7,11',	227,	23,	'0'),
(9771,	'2024-02-16',	'11:37',	1,	1,	1,	1,	'2,7,11',	233,	23,	'0'),
(9772,	'2024-02-16',	'11:37',	1,	1,	1,	1,	'2,7,11',	258,	23,	'0'),
(9773,	'2024-02-16',	'11:48',	1,	1,	1,	3,	'4,9,13',	278,	85,	'0'),
(9774,	'2024-02-16',	'11:48',	1,	1,	1,	3,	'4,9,13',	228,	85,	'0'),
(9775,	'2024-02-16',	'11:48',	1,	1,	1,	3,	'4,9,13',	126,	85,	'0'),
(9776,	'2024-02-27',	'19:42',	1,	1,	1,	2,	'8,12',	233,	85,	'0'),
(9777,	'2024-02-27',	'19:42',	1,	1,	1,	2,	'8,12',	258,	85,	'0'),
(9778,	'2024-02-27',	'19:42',	1,	1,	1,	2,	'8,12',	216,	85,	'0'),
(9779,	'2024-02-27',	'20:55',	1,	1,	1,	3,	'4',	258,	85,	'0'),
(9780,	'2024-02-28',	'09:41',	1,	26,	1,	1,	'2',	227,	85,	'0'),
(9781,	'2024-02-29',	'12:52',	1,	1,	1,	2,	'40',	3,	85,	'0'),
(9782,	'2024-02-29',	'13:10',	1,	1,	1,	2,	'3,8',	258,	39,	'0'),
(9783,	'2024-02-29',	'13:10',	1,	1,	1,	2,	'3,8',	216,	39,	'0'),
(9784,	'2024-02-29',	'13:19',	1,	26,	1,	5,	'6',	3,	85,	'0'),
(9785,	'2024-02-29',	'13:25',	1,	1,	1,	5,	'37',	6,	85,	'0'),
(9786,	'2024-02-29',	'13:30',	1,	26,	1,	4,	'5,10,14',	227,	85,	'0'),
(9787,	'2024-02-29',	'13:30',	1,	26,	1,	4,	'5,10,14',	258,	85,	'0'),
(9788,	'2024-02-29',	'13:30',	1,	26,	1,	4,	'5,10,14',	233,	85,	'0'),
(9789,	'2024-02-29',	'13:30',	1,	26,	1,	4,	'5,10,14',	216,	85,	'0'),
(9790,	'2024-02-29',	'13:36',	1,	1,	1,	2,	'8',	227,	85,	'0'),
(9791,	'2024-02-29',	'13:36',	1,	1,	1,	2,	'8',	233,	85,	'0'),
(9792,	'2024-02-29',	'13:36',	1,	1,	1,	2,	'8',	258,	85,	'0'),
(9793,	'2024-02-29',	'13:36',	1,	1,	1,	2,	'8',	216,	85,	'0'),
(9794,	'2024-02-29',	'13:36',	1,	1,	1,	2,	'8',	218,	85,	'0'),
(9795,	'2024-02-29',	'13:36',	1,	1,	1,	2,	'8',	277,	85,	'0'),
(9796,	'2024-02-29',	'13:36',	1,	1,	1,	2,	'8',	267,	85,	'0'),
(9797,	'2024-02-29',	'13:36',	1,	1,	1,	2,	'8',	256,	85,	'0'),
(9798,	'2024-02-29',	'13:36',	1,	1,	1,	2,	'8',	4,	85,	'0'),
(9799,	'2024-02-29',	'13:36',	1,	1,	1,	2,	'8',	265,	85,	'0'),
(9800,	'2024-02-29',	'13:36',	1,	1,	1,	2,	'8',	210,	85,	'0'),
(9801,	'2024-02-29',	'13:36',	1,	1,	1,	2,	'8',	85,	85,	'0'),
(9802,	'2024-02-29',	'13:36',	1,	1,	1,	2,	'8',	320,	85,	'0'),
(9803,	'2024-02-29',	'13:36',	1,	1,	1,	2,	'8',	30,	85,	'0'),
(9804,	'2024-02-29',	'13:36',	1,	1,	1,	2,	'8',	2,	85,	'0'),
(9805,	'2024-02-29',	'13:36',	1,	1,	1,	2,	'8',	28,	85,	'0'),
(9806,	'2024-02-29',	'13:44',	1,	1,	1,	1,	'11',	218,	85,	'0'),
(9807,	'2024-02-29',	'13:44',	1,	1,	1,	1,	'11',	277,	85,	'0'),
(9808,	'2024-02-29',	'13:44',	1,	1,	1,	1,	'11',	210,	85,	'0'),
(9809,	'2024-02-29',	'13:44',	1,	1,	1,	1,	'11',	267,	85,	'0'),
(9810,	'2024-02-29',	'13:44',	1,	1,	1,	1,	'11',	4,	85,	'0'),
(9811,	'2024-02-29',	'13:44',	1,	1,	1,	1,	'11',	265,	85,	'0'),
(9812,	'2024-02-29',	'13:44',	1,	1,	1,	1,	'11',	256,	85,	'0'),
(9813,	'2024-02-29',	'13:44',	1,	1,	1,	1,	'11',	85,	85,	'0'),
(9814,	'2024-02-29',	'13:44',	1,	1,	1,	1,	'11',	320,	85,	'0'),
(9815,	'2024-02-29',	'13:44',	1,	1,	1,	1,	'11',	30,	85,	'0'),
(9816,	'2024-02-29',	'13:44',	1,	1,	1,	1,	'11',	2,	85,	'0'),
(9817,	'2024-02-29',	'13:44',	1,	1,	1,	1,	'11',	28,	85,	'0'),
(9818,	'2024-02-29',	'13:44',	1,	1,	1,	1,	'11',	273,	85,	'0'),
(9819,	'2024-02-29',	'13:44',	1,	1,	1,	1,	'11',	27,	85,	'0'),
(9820,	'2024-02-29',	'13:44',	1,	1,	1,	1,	'11',	249,	85,	'0'),
(9821,	'2024-02-29',	'13:52',	1,	26,	1,	1,	'7',	227,	39,	'0'),
(9822,	'2024-02-29',	'13:52',	1,	26,	1,	1,	'7',	233,	39,	'0'),
(9823,	'2024-02-29',	'13:52',	1,	26,	1,	1,	'7',	218,	39,	'0'),
(9824,	'2024-02-29',	'13:52',	1,	26,	1,	1,	'7',	277,	39,	'0'),
(9825,	'2024-02-29',	'13:52',	1,	26,	1,	1,	'7',	267,	39,	'0'),
(9826,	'2024-02-29',	'13:52',	1,	26,	1,	1,	'7',	256,	39,	'0'),
(9827,	'2024-02-29',	'13:52',	1,	26,	1,	1,	'7',	4,	39,	'0'),
(9828,	'2024-02-29',	'13:52',	1,	26,	1,	1,	'7',	265,	39,	'0'),
(9829,	'2024-02-29',	'13:52',	1,	26,	1,	1,	'7',	210,	39,	'0'),
(9830,	'2024-02-29',	'13:52',	1,	26,	1,	1,	'7',	85,	39,	'0'),
(9831,	'2024-02-29',	'14:38',	1,	26,	1,	4,	'5',	227,	85,	'0'),
(9832,	'2024-02-29',	'14:38',	1,	26,	1,	4,	'5',	233,	85,	'0'),
(9833,	'2024-02-29',	'14:38',	1,	26,	1,	4,	'5',	258,	85,	'0'),
(9834,	'2024-02-29',	'14:38',	1,	26,	1,	4,	'5',	216,	85,	'0'),
(9835,	'2024-02-29',	'14:38',	1,	26,	1,	4,	'5',	218,	85,	'0'),
(9836,	'2024-02-29',	'14:38',	1,	26,	1,	4,	'5',	277,	85,	'0'),
(9837,	'2024-02-29',	'14:38',	1,	26,	1,	4,	'5',	267,	85,	'0'),
(9838,	'2024-02-29',	'14:38',	1,	26,	1,	4,	'5',	256,	85,	'0'),
(9839,	'2024-02-29',	'14:38',	1,	26,	1,	4,	'5',	4,	85,	'0'),
(9840,	'2024-02-29',	'14:38',	1,	26,	1,	4,	'5',	265,	85,	'0'),
(9841,	'2024-02-29',	'14:38',	1,	26,	1,	4,	'5',	210,	85,	'0'),
(9842,	'2024-02-29',	'14:38',	1,	26,	1,	4,	'5',	85,	85,	'0'),
(9843,	'2024-02-29',	'14:38',	1,	26,	1,	4,	'5',	320,	85,	'0'),
(9844,	'2024-02-29',	'14:38',	1,	26,	1,	4,	'5',	30,	85,	'0'),
(9845,	'2024-02-29',	'14:38',	1,	26,	1,	4,	'5',	2,	85,	'0'),
(9846,	'2024-02-29',	'14:38',	1,	26,	1,	4,	'5',	28,	85,	'0'),
(9847,	'2024-02-29',	'14:38',	1,	26,	1,	4,	'5',	273,	85,	'0'),
(9848,	'2024-02-29',	'14:38',	1,	26,	1,	4,	'5',	27,	85,	'0'),
(9849,	'2024-02-29',	'14:38',	1,	26,	1,	4,	'5',	6,	85,	'0'),
(9850,	'2024-02-29',	'14:38',	1,	26,	1,	4,	'5',	249,	85,	'0'),
(9851,	'2024-02-29',	'14:38',	1,	26,	1,	4,	'5',	254,	85,	'0'),
(9852,	'2024-02-29',	'14:38',	1,	26,	1,	4,	'5',	222,	85,	'0'),
(9853,	'2024-02-29',	'14:38',	1,	26,	1,	4,	'5',	228,	85,	'0'),
(9854,	'2024-02-29',	'14:38',	1,	26,	1,	4,	'5',	278,	85,	'0'),
(9855,	'2024-02-29',	'14:38',	1,	26,	1,	4,	'5',	126,	85,	'0'),
(9856,	'2024-02-29',	'14:38',	1,	26,	1,	4,	'5',	211,	85,	'0'),
(9857,	'2024-02-29',	'14:38',	1,	26,	1,	4,	'5',	253,	85,	'0'),
(9858,	'2024-02-29',	'14:38',	1,	26,	1,	4,	'5',	281,	85,	'0'),
(9859,	'2024-02-29',	'14:38',	1,	26,	1,	4,	'5',	248,	85,	'0'),
(9860,	'2024-02-29',	'14:38',	1,	26,	1,	4,	'5',	279,	85,	'0'),
(9861,	'2024-02-29',	'14:38',	1,	26,	1,	4,	'5',	187,	85,	'0'),
(9862,	'2024-02-29',	'14:38',	1,	26,	1,	4,	'5',	245,	85,	'0'),
(9863,	'2024-02-29',	'14:38',	1,	26,	1,	4,	'5',	271,	85,	'0'),
(9864,	'2024-02-29',	'14:38',	1,	26,	1,	4,	'5',	270,	85,	'0'),
(9865,	'2024-02-29',	'14:38',	1,	26,	1,	4,	'5',	157,	85,	'0'),
(9866,	'2024-02-29',	'14:38',	1,	26,	1,	4,	'5',	284,	85,	'0'),
(9867,	'2024-02-29',	'14:38',	1,	26,	1,	4,	'5',	247,	85,	'0'),
(9868,	'2024-02-29',	'14:38',	1,	26,	1,	4,	'5',	262,	85,	'0'),
(9869,	'2024-02-29',	'14:38',	1,	26,	1,	4,	'5',	246,	85,	'0'),
(9870,	'2024-02-29',	'14:38',	1,	26,	1,	4,	'5',	257,	85,	'0'),
(9871,	'2024-02-29',	'15:11',	1,	1,	1,	4,	'52,5,10',	233,	85,	'0'),
(9872,	'2024-02-29',	'15:11',	1,	1,	1,	4,	'52,5,10',	227,	85,	'0'),
(9873,	'2024-02-29',	'15:11',	1,	1,	1,	4,	'52,5,10',	216,	85,	'0'),
(9874,	'2024-02-29',	'15:11',	1,	1,	1,	4,	'52,5,10',	277,	85,	'0'),
(9875,	'2024-02-29',	'15:11',	1,	1,	1,	4,	'52,5,10',	258,	85,	'0'),
(9876,	'2024-02-29',	'15:11',	1,	1,	1,	4,	'52,5,10',	218,	85,	'0'),
(9877,	'2024-02-29',	'15:11',	1,	1,	1,	4,	'52,5,10',	267,	85,	'0'),
(9878,	'2024-02-29',	'15:11',	1,	1,	1,	4,	'52,5,10',	256,	85,	'0'),
(9879,	'2024-02-29',	'15:11',	1,	1,	1,	4,	'52,5,10',	4,	85,	'0'),
(9880,	'2024-02-29',	'15:11',	1,	1,	1,	4,	'52,5,10',	265,	85,	'0'),
(9881,	'2024-02-29',	'15:11',	1,	1,	1,	4,	'52,5,10',	85,	85,	'0'),
(9882,	'2024-02-29',	'15:11',	1,	1,	1,	4,	'52,5,10',	2,	85,	'0'),
(9883,	'2024-02-29',	'15:11',	1,	1,	1,	4,	'52,5,10',	210,	85,	'0'),
(9884,	'2024-02-29',	'15:11',	1,	1,	1,	4,	'52,5,10',	30,	85,	'0'),
(9885,	'2024-02-29',	'15:11',	1,	1,	1,	4,	'52,5,10',	320,	85,	'0'),
(9886,	'2024-02-29',	'15:11',	1,	1,	1,	4,	'52,5,10',	28,	85,	'0'),
(9887,	'2024-02-29',	'15:11',	1,	1,	1,	4,	'52,5,10',	273,	85,	'0'),
(9888,	'2024-02-29',	'15:11',	1,	1,	1,	4,	'52,5,10',	27,	85,	'0'),
(9889,	'2024-02-29',	'15:11',	1,	1,	1,	4,	'52,5,10',	6,	85,	'0'),
(9890,	'2024-02-29',	'15:11',	1,	1,	1,	4,	'52,5,10',	249,	85,	'0'),
(9891,	'2024-02-29',	'16:06',	1,	1,	1,	4,	'10',	227,	85,	'0'),
(9892,	'2024-02-29',	'16:06',	1,	1,	1,	4,	'10',	233,	85,	'0'),
(9893,	'2024-02-29',	'16:06',	1,	1,	1,	4,	'10',	258,	85,	'0'),
(9894,	'2024-02-29',	'16:06',	1,	1,	1,	4,	'10',	218,	85,	'0'),
(9895,	'2024-02-29',	'16:06',	1,	1,	1,	4,	'10',	216,	85,	'0'),
(9896,	'2024-02-29',	'16:06',	1,	1,	1,	4,	'10',	277,	85,	'0'),
(9897,	'2024-02-29',	'16:06',	1,	1,	1,	4,	'10',	267,	85,	'0'),
(9898,	'2024-02-29',	'16:06',	1,	1,	1,	4,	'10',	256,	85,	'0'),
(9899,	'2024-02-29',	'16:06',	1,	1,	1,	4,	'10',	4,	85,	'0'),
(9900,	'2024-02-29',	'16:06',	1,	1,	1,	4,	'10',	271,	85,	'0'),
(9901,	'2024-02-29',	'16:13',	1,	26,	1,	2,	'8',	210,	85,	'0'),
(9902,	'2024-02-29',	'16:13',	1,	26,	1,	2,	'8',	265,	85,	'0'),
(9903,	'2024-02-29',	'16:13',	1,	26,	1,	2,	'8',	85,	85,	'0'),
(9904,	'2024-02-29',	'16:13',	1,	26,	1,	2,	'8',	320,	85,	'0'),
(9905,	'2024-02-29',	'16:13',	1,	26,	1,	2,	'8',	2,	85,	'0'),
(9906,	'2024-02-29',	'16:13',	1,	26,	1,	2,	'8',	30,	85,	'0'),
(9907,	'2024-02-29',	'16:13',	1,	26,	1,	2,	'8',	28,	85,	'0'),
(9908,	'2024-02-29',	'16:13',	1,	26,	1,	2,	'8',	273,	85,	'0'),
(9909,	'2024-02-29',	'16:13',	1,	26,	1,	2,	'8',	27,	85,	'0'),
(9910,	'2024-02-29',	'16:13',	1,	26,	1,	2,	'8',	6,	85,	'0'),
(9911,	'2024-02-29',	'16:13',	1,	26,	1,	2,	'8',	254,	85,	'0'),
(9912,	'2024-02-29',	'16:13',	1,	26,	1,	2,	'8',	222,	85,	'0'),
(9913,	'2024-02-29',	'16:13',	1,	26,	1,	2,	'8',	278,	85,	'0'),
(9914,	'2024-02-29',	'16:13',	1,	26,	1,	2,	'8',	211,	85,	'0'),
(9915,	'2024-02-29',	'16:13',	1,	26,	1,	2,	'8',	126,	85,	'0'),
(9916,	'2024-02-29',	'16:13',	1,	26,	1,	2,	'8',	249,	85,	'0'),
(9917,	'2024-02-29',	'16:13',	1,	26,	1,	2,	'8',	248,	85,	'0'),
(9918,	'2024-02-29',	'16:13',	1,	26,	1,	2,	'8',	228,	85,	'0'),
(9919,	'2024-02-29',	'16:13',	1,	26,	1,	2,	'8',	281,	85,	'0'),
(9920,	'2024-02-29',	'16:13',	1,	26,	1,	2,	'8',	253,	85,	'0'),
(9921,	'2024-02-29',	'17:28',	1,	1,	1,	2,	'12',	320,	39,	'0'),
(9922,	'2024-02-29',	'17:28',	1,	1,	1,	2,	'12',	30,	39,	'0'),
(9923,	'2024-02-29',	'17:28',	1,	1,	1,	2,	'12',	2,	39,	'0'),
(9924,	'2024-02-29',	'17:28',	1,	1,	1,	2,	'12',	28,	39,	'0'),
(9925,	'2024-02-29',	'17:28',	1,	1,	1,	2,	'12',	273,	39,	'0'),
(9926,	'2024-02-29',	'17:28',	1,	1,	1,	2,	'12',	27,	39,	'0'),
(9927,	'2024-02-29',	'17:28',	1,	1,	1,	2,	'12',	6,	39,	'0'),
(9928,	'2024-02-29',	'17:28',	1,	1,	1,	2,	'12',	249,	39,	'0'),
(9929,	'2024-02-29',	'17:28',	1,	1,	1,	2,	'12',	254,	39,	'0'),
(9930,	'2024-02-29',	'17:28',	1,	1,	1,	2,	'12',	222,	39,	'0'),
(9931,	'2024-02-29',	'19:43',	1,	1,	1,	2,	'3,8,17',	233,	85,	'0'),
(9932,	'2024-02-29',	'19:43',	1,	1,	1,	2,	'3,8,17',	227,	85,	'0'),
(9933,	'2024-02-29',	'19:43',	1,	1,	1,	2,	'3,8,17',	258,	85,	'0'),
(9934,	'2024-02-29',	'19:43',	1,	1,	1,	2,	'3,8,17',	216,	85,	'0'),
(9935,	'2024-02-29',	'19:43',	1,	1,	1,	2,	'3,8,17',	218,	85,	'0'),
(9936,	'2024-02-29',	'19:43',	1,	1,	1,	2,	'3,8,17',	277,	85,	'0'),
(9937,	'2024-02-29',	'19:43',	1,	1,	1,	2,	'3,8,17',	4,	85,	'0'),
(9938,	'2024-02-29',	'19:43',	1,	1,	1,	2,	'3,8,17',	267,	85,	'0'),
(9939,	'2024-02-29',	'19:43',	1,	1,	1,	2,	'3,8,17',	256,	85,	'0'),
(9940,	'2024-02-29',	'19:43',	1,	1,	1,	2,	'3,8,17',	265,	85,	'0'),
(9941,	'2024-02-29',	'19:43',	1,	1,	1,	2,	'3,8,17',	210,	85,	'0'),
(9942,	'2024-02-29',	'19:43',	1,	1,	1,	2,	'3,8,17',	85,	85,	'0'),
(9943,	'2024-02-29',	'19:43',	1,	1,	1,	2,	'3,8,17',	320,	85,	'0'),
(9944,	'2024-02-29',	'19:43',	1,	1,	1,	2,	'3,8,17',	30,	85,	'0'),
(9945,	'2024-02-29',	'19:43',	1,	1,	1,	2,	'3,8,17',	2,	85,	'0'),
(9946,	'2024-02-29',	'19:43',	1,	1,	1,	2,	'3,8,17',	273,	85,	'0'),
(9947,	'2024-02-29',	'19:43',	1,	1,	1,	2,	'3,8,17',	28,	85,	'0'),
(9948,	'2024-02-29',	'19:43',	1,	1,	1,	2,	'3,8,17',	27,	85,	'0'),
(9949,	'2024-02-29',	'19:43',	1,	1,	1,	2,	'3,8,17',	6,	85,	'0'),
(9950,	'2024-02-29',	'19:43',	1,	1,	1,	2,	'3,8,17',	249,	85,	'0'),
(9951,	'2024-02-29',	'19:43',	1,	1,	1,	2,	'3,8,17',	254,	85,	'0'),
(9952,	'2024-02-29',	'19:43',	1,	1,	1,	2,	'3,8,17',	222,	85,	'0'),
(9953,	'2024-02-29',	'19:43',	1,	1,	1,	2,	'3,8,17',	228,	85,	'0'),
(9954,	'2024-02-29',	'19:43',	1,	1,	1,	2,	'3,8,17',	278,	85,	'0'),
(9955,	'2024-02-29',	'19:43',	1,	1,	1,	2,	'3,8,17',	126,	85,	'0'),
(9956,	'2024-02-29',	'19:43',	1,	1,	1,	2,	'3,8,17',	211,	85,	'0'),
(9957,	'2024-02-29',	'19:43',	1,	1,	1,	2,	'3,8,17',	253,	85,	'0'),
(9958,	'2024-02-29',	'19:43',	1,	1,	1,	2,	'3,8,17',	281,	85,	'0'),
(9959,	'2024-02-29',	'19:43',	1,	1,	1,	2,	'3,8,17',	248,	85,	'0'),
(9960,	'2024-02-29',	'19:43',	1,	1,	1,	2,	'3,8,17',	279,	85,	'0'),
(9961,	'2024-02-29',	'19:43',	1,	1,	1,	2,	'3,8,17',	187,	85,	'0'),
(9962,	'2024-02-29',	'19:43',	1,	1,	1,	2,	'3,8,17',	245,	85,	'0'),
(9963,	'2024-02-29',	'19:43',	1,	1,	1,	2,	'3,8,17',	271,	85,	'0'),
(9964,	'2024-02-29',	'19:43',	1,	1,	1,	2,	'3,8,17',	270,	85,	'0'),
(9965,	'2024-02-29',	'19:43',	1,	1,	1,	2,	'3,8,17',	157,	85,	'0'),
(9966,	'2024-02-29',	'19:43',	1,	1,	1,	2,	'3,8,17',	284,	85,	'0'),
(9967,	'2024-02-29',	'19:43',	1,	1,	1,	2,	'3,8,17',	247,	85,	'0'),
(9968,	'2024-02-29',	'19:43',	1,	1,	1,	2,	'3,8,17',	262,	85,	'0'),
(9969,	'2024-02-29',	'19:43',	1,	1,	1,	2,	'3,8,17',	246,	85,	'0'),
(9970,	'2024-02-29',	'19:43',	1,	1,	1,	2,	'3,8,17',	257,	85,	'0'),
(9971,	'2024-02-29',	'19:43',	1,	1,	1,	2,	'3,8,17',	226,	85,	'0'),
(9972,	'2024-02-29',	'19:43',	1,	1,	1,	2,	'3,8,17',	213,	85,	'0'),
(9973,	'2024-02-29',	'19:43',	1,	1,	1,	2,	'3,8,17',	189,	85,	'0'),
(9974,	'2024-02-29',	'19:43',	1,	1,	1,	2,	'3,8,17',	221,	85,	'0'),
(9975,	'2024-02-29',	'19:43',	1,	1,	1,	2,	'3,8,17',	186,	85,	'0'),
(9976,	'2024-02-29',	'19:43',	1,	1,	1,	2,	'3,8,17',	241,	85,	'0'),
(9977,	'2024-02-29',	'19:43',	1,	1,	1,	2,	'3,8,17',	65,	85,	'0'),
(9978,	'2024-02-29',	'19:43',	1,	1,	1,	2,	'3,8,17',	72,	85,	'0'),
(9979,	'2024-02-29',	'19:43',	1,	1,	1,	2,	'3,8,17',	35,	85,	'0'),
(9980,	'2024-02-29',	'21:11',	1,	1,	1,	2,	'8,12',	227,	85,	'0'),
(9981,	'2024-02-29',	'21:11',	1,	1,	1,	2,	'8,12',	233,	85,	'0'),
(9982,	'2024-02-29',	'21:11',	1,	1,	1,	2,	'8,12',	258,	85,	'0'),
(9983,	'2024-02-29',	'21:11',	1,	1,	1,	2,	'8,12',	218,	85,	'0'),
(9984,	'2024-02-29',	'21:11',	1,	1,	1,	2,	'8,12',	277,	85,	'0'),
(9985,	'2024-02-29',	'21:11',	1,	1,	1,	2,	'8,12',	267,	85,	'0'),
(9986,	'2024-02-29',	'21:11',	1,	1,	1,	2,	'8,12',	216,	85,	'0'),
(9987,	'2024-02-29',	'21:11',	1,	1,	1,	2,	'8,12',	256,	85,	'0'),
(9988,	'2024-02-29',	'21:11',	1,	1,	1,	2,	'8,12',	4,	85,	'0'),
(9989,	'2024-02-29',	'21:11',	1,	1,	1,	2,	'8,12',	265,	85,	'0'),
(9990,	'2024-02-29',	'21:11',	1,	1,	1,	2,	'8,12',	210,	85,	'0'),
(9991,	'2024-02-29',	'21:11',	1,	1,	1,	2,	'8,12',	85,	85,	'0'),
(9992,	'2024-02-29',	'21:11',	1,	1,	1,	2,	'8,12',	320,	85,	'0'),
(9993,	'2024-02-29',	'21:11',	1,	1,	1,	2,	'8,12',	30,	85,	'0'),
(9994,	'2024-02-29',	'21:11',	1,	1,	1,	2,	'8,12',	2,	85,	'0'),
(9995,	'2024-02-29',	'21:11',	1,	1,	1,	2,	'8,12',	28,	85,	'0'),
(9996,	'2024-02-29',	'21:11',	1,	1,	1,	2,	'8,12',	273,	85,	'0'),
(9997,	'2024-02-29',	'21:11',	1,	1,	1,	2,	'8,12',	27,	85,	'0'),
(9998,	'2024-02-29',	'21:11',	1,	1,	1,	2,	'8,12',	6,	85,	'0'),
(9999,	'2024-02-29',	'21:11',	1,	1,	1,	2,	'8,12',	249,	85,	'0'),
(10000,	'2024-02-29',	'21:11',	1,	1,	1,	2,	'8,12',	254,	85,	'0'),
(10001,	'2024-02-29',	'21:11',	1,	1,	1,	2,	'8,12',	222,	85,	'0'),
(10002,	'2024-02-29',	'21:11',	1,	1,	1,	2,	'8,12',	228,	85,	'0'),
(10003,	'2024-02-29',	'21:11',	1,	1,	1,	2,	'8,12',	278,	85,	'0'),
(10004,	'2024-02-29',	'21:11',	1,	1,	1,	2,	'8,12',	126,	85,	'0'),
(10005,	'2024-02-29',	'21:11',	1,	1,	1,	2,	'8,12',	211,	85,	'0'),
(10006,	'2024-02-29',	'21:11',	1,	1,	1,	2,	'8,12',	253,	85,	'0'),
(10007,	'2024-02-29',	'21:11',	1,	1,	1,	2,	'8,12',	281,	85,	'0'),
(10008,	'2024-02-29',	'21:11',	1,	1,	1,	2,	'8,12',	248,	85,	'0'),
(10009,	'2024-02-29',	'21:11',	1,	1,	1,	2,	'8,12',	279,	85,	'0'),
(10010,	'2024-02-29',	'21:11',	1,	1,	1,	2,	'8,12',	187,	85,	'0'),
(10011,	'2024-02-29',	'21:11',	1,	1,	1,	2,	'8,12',	245,	85,	'0'),
(10012,	'2024-02-29',	'22:52',	1,	1,	1,	3,	'51,9',	227,	81,	'0'),
(10013,	'2024-02-29',	'22:52',	1,	1,	1,	3,	'51,9',	258,	81,	'0'),
(10014,	'2024-02-29',	'22:52',	1,	1,	1,	3,	'51,9',	233,	81,	'0'),
(10015,	'2024-02-29',	'22:52',	1,	1,	1,	3,	'51,9',	277,	81,	'0'),
(10016,	'2024-02-29',	'22:52',	1,	1,	1,	3,	'51,9',	216,	81,	'0'),
(10017,	'2024-02-29',	'22:52',	1,	1,	1,	3,	'51,9',	218,	81,	'0'),
(10018,	'2024-02-29',	'22:52',	1,	1,	1,	3,	'51,9',	267,	81,	'0'),
(10019,	'2024-02-29',	'22:52',	1,	1,	1,	3,	'51,9',	256,	81,	'0'),
(10020,	'2024-02-29',	'22:52',	1,	1,	1,	3,	'51,9',	4,	81,	'0'),
(10021,	'2024-02-29',	'22:52',	1,	1,	1,	3,	'51,9',	265,	81,	'0'),
(10022,	'2024-02-29',	'22:52',	1,	1,	1,	3,	'51,9',	85,	81,	'0'),
(10023,	'2024-02-29',	'22:52',	1,	1,	1,	3,	'51,9',	210,	81,	'0'),
(10024,	'2024-02-29',	'22:52',	1,	1,	1,	3,	'51,9',	320,	81,	'0'),
(10025,	'2024-02-29',	'22:52',	1,	1,	1,	3,	'51,9',	30,	81,	'0'),
(10026,	'2024-02-29',	'22:52',	1,	1,	1,	3,	'51,9',	2,	81,	'0'),
(10027,	'2024-02-29',	'22:52',	1,	1,	1,	3,	'51,9',	28,	81,	'0'),
(10028,	'2024-02-29',	'23:19',	1,	1,	1,	1,	'16,20',	273,	85,	'0'),
(10029,	'2024-02-29',	'23:19',	1,	1,	1,	1,	'16,20',	27,	85,	'0'),
(10030,	'2024-02-29',	'23:19',	1,	1,	1,	1,	'16,20',	6,	85,	'0'),
(10031,	'2024-02-29',	'23:19',	1,	1,	1,	1,	'16,20',	249,	85,	'0'),
(10032,	'2024-02-29',	'23:19',	1,	1,	1,	1,	'16,20',	254,	85,	'0'),
(10033,	'2024-02-29',	'23:19',	1,	1,	1,	1,	'16,20',	222,	85,	'0'),
(10034,	'2024-02-29',	'23:19',	1,	1,	1,	1,	'16,20',	228,	85,	'0'),
(10035,	'2024-02-29',	'23:19',	1,	1,	1,	1,	'16,20',	278,	85,	'0'),
(10036,	'2024-02-29',	'23:19',	1,	1,	1,	1,	'16,20',	126,	85,	'0'),
(10037,	'2024-02-29',	'23:19',	1,	1,	1,	1,	'16,20',	211,	85,	'0'),
(10038,	'2024-02-29',	'23:19',	1,	1,	1,	1,	'16,20',	253,	85,	'0'),
(10039,	'2024-02-29',	'23:19',	1,	1,	1,	1,	'16,20',	281,	85,	'0'),
(10040,	'2024-02-29',	'23:19',	1,	1,	1,	1,	'16,20',	248,	85,	'0'),
(10041,	'2024-02-29',	'23:19',	1,	1,	1,	1,	'16,20',	279,	85,	'0'),
(10042,	'2024-02-29',	'23:19',	1,	1,	1,	1,	'16,20',	187,	85,	'0'),
(10043,	'2024-02-29',	'23:19',	1,	1,	1,	1,	'16,20',	245,	85,	'0'),
(10044,	'2024-02-29',	'23:19',	1,	1,	1,	1,	'16,20',	271,	85,	'0'),
(10045,	'2024-02-29',	'23:19',	1,	1,	1,	1,	'16,20',	270,	85,	'0'),
(10046,	'2024-02-29',	'23:19',	1,	1,	1,	1,	'16,20',	157,	85,	'0'),
(10047,	'2024-02-29',	'23:19',	1,	1,	1,	1,	'16,20',	284,	85,	'0'),
(10048,	'2024-02-29',	'23:19',	1,	1,	1,	1,	'16,20',	247,	85,	'0'),
(10049,	'2024-02-29',	'23:19',	1,	1,	1,	1,	'16,20',	262,	85,	'0'),
(10050,	'2024-02-29',	'23:19',	1,	1,	1,	1,	'16,20',	246,	85,	'0'),
(10051,	'2024-02-29',	'23:19',	1,	1,	1,	1,	'16,20',	257,	85,	'0'),
(10052,	'2024-02-29',	'23:19',	1,	1,	1,	1,	'16,20',	226,	85,	'0'),
(10053,	'2024-02-29',	'23:19',	1,	1,	1,	1,	'16,20',	213,	85,	'0'),
(10054,	'2024-02-29',	'23:19',	1,	1,	1,	1,	'16,20',	189,	85,	'0'),
(10055,	'2024-02-29',	'23:19',	1,	1,	1,	1,	'16,20',	221,	85,	'0'),
(10056,	'2024-02-29',	'23:40',	1,	1,	1,	2,	'8,12',	186,	81,	'0'),
(10057,	'2024-02-29',	'23:40',	1,	1,	1,	2,	'8,12',	241,	81,	'0'),
(10058,	'2024-02-29',	'23:40',	1,	1,	1,	2,	'8,12',	234,	81,	'0'),
(10059,	'2024-02-29',	'23:40',	1,	1,	1,	2,	'8,12',	65,	81,	'0'),
(10060,	'2024-02-29',	'23:40',	1,	1,	1,	2,	'8,12',	72,	81,	'0'),
(10061,	'2024-02-29',	'23:40',	1,	1,	1,	2,	'8,12',	70,	81,	'0'),
(10062,	'2024-02-29',	'23:40',	1,	1,	1,	2,	'8,12',	268,	81,	'0'),
(10063,	'2024-02-29',	'23:40',	1,	1,	1,	2,	'8,12',	188,	81,	'0'),
(10064,	'2024-02-29',	'23:40',	1,	1,	1,	2,	'8,12',	159,	81,	'0'),
(10065,	'2024-02-29',	'23:40',	1,	1,	1,	2,	'8,12',	212,	81,	'0'),
(10066,	'2024-02-29',	'23:40',	1,	1,	1,	2,	'8,12',	135,	81,	'0'),
(10067,	'2024-02-29',	'23:40',	1,	1,	1,	2,	'8,12',	64,	81,	'0'),
(10068,	'2024-02-29',	'23:40',	1,	1,	1,	2,	'8,12',	69,	81,	'0'),
(10069,	'2024-02-29',	'23:40',	1,	1,	1,	2,	'8,12',	78,	81,	'0'),
(10070,	'2024-02-29',	'23:40',	1,	1,	1,	2,	'8,12',	203,	81,	'0'),
(10071,	'2024-02-29',	'23:40',	1,	1,	1,	2,	'8,12',	35,	81,	'0'),
(10072,	'2024-02-29',	'23:40',	1,	1,	1,	2,	'8,12',	3,	81,	'0'),
(10073,	'2024-02-29',	'23:40',	1,	1,	1,	2,	'8,12',	121,	81,	'0'),
(10074,	'2024-02-29',	'23:40',	1,	1,	1,	2,	'8,12',	229,	81,	'0'),
(10075,	'2024-02-29',	'23:40',	1,	1,	1,	2,	'8,12',	127,	81,	'0'),
(10076,	'2024-02-29',	'23:40',	1,	1,	1,	2,	'8,12',	141,	81,	'0'),
(10077,	'2024-02-29',	'23:40',	1,	1,	1,	2,	'8,12',	232,	81,	'0'),
(10078,	'2024-02-29',	'23:40',	1,	1,	1,	2,	'8,12',	181,	81,	'0'),
(10079,	'2024-02-29',	'23:40',	1,	1,	1,	2,	'8,12',	250,	81,	'0'),
(10080,	'2024-02-29',	'23:40',	1,	1,	1,	2,	'8,12',	167,	81,	'0'),
(10081,	'2024-02-29',	'23:40',	1,	1,	1,	2,	'8,12',	16,	81,	'0'),
(10082,	'2024-02-29',	'23:40',	1,	1,	1,	2,	'8,12',	283,	81,	'0'),
(10083,	'2024-02-29',	'23:40',	1,	1,	1,	2,	'8,12',	261,	81,	'0'),
(10084,	'2024-02-29',	'23:40',	1,	1,	1,	2,	'8,12',	196,	81,	'0'),
(10085,	'2024-02-29',	'23:40',	1,	1,	1,	2,	'8,12',	264,	81,	'0'),
(10086,	'2024-02-29',	'23:40',	1,	1,	1,	2,	'8,12',	18,	81,	'0'),
(10087,	'2024-02-29',	'23:40',	1,	1,	1,	2,	'8,12',	255,	81,	'0'),
(10088,	'2024-02-29',	'23:40',	1,	1,	1,	2,	'8,12',	215,	81,	'0'),
(10089,	'2024-03-01',	'00:28',	1,	1,	1,	3,	'4,9',	227,	85,	'0'),
(10090,	'2024-03-01',	'00:28',	1,	1,	1,	3,	'4,9',	233,	85,	'0'),
(10091,	'2024-03-01',	'00:28',	1,	1,	1,	3,	'4,9',	258,	85,	'0'),
(10092,	'2024-03-01',	'00:28',	1,	1,	1,	3,	'4,9',	216,	85,	'0'),
(10093,	'2024-03-01',	'00:28',	1,	1,	1,	3,	'4,9',	218,	85,	'0'),
(10094,	'2024-03-01',	'00:28',	1,	1,	1,	3,	'4,9',	277,	85,	'0'),
(10095,	'2024-03-01',	'00:28',	1,	1,	1,	3,	'4,9',	267,	85,	'0'),
(10096,	'2024-03-01',	'00:28',	1,	1,	1,	3,	'4,9',	256,	85,	'0'),
(10097,	'2024-03-01',	'00:28',	1,	1,	1,	3,	'4,9',	4,	85,	'0'),
(10098,	'2024-03-01',	'00:28',	1,	1,	1,	3,	'4,9',	265,	85,	'0'),
(10099,	'2024-03-01',	'00:28',	1,	1,	1,	3,	'4,9',	210,	85,	'0'),
(10100,	'2024-03-01',	'00:28',	1,	1,	1,	3,	'4,9',	85,	85,	'0'),
(10101,	'2024-03-01',	'00:28',	1,	1,	1,	3,	'4,9',	320,	85,	'0'),
(10102,	'2024-03-01',	'00:28',	1,	1,	1,	3,	'4,9',	30,	85,	'0'),
(10103,	'2024-03-01',	'00:28',	1,	1,	1,	3,	'4,9',	2,	85,	'0'),
(10104,	'2024-03-01',	'00:28',	1,	1,	1,	3,	'4,9',	28,	85,	'0'),
(10105,	'2024-03-01',	'00:28',	1,	1,	1,	3,	'4,9',	273,	85,	'0'),
(10106,	'2024-03-01',	'00:28',	1,	1,	1,	3,	'4,9',	27,	85,	'0'),
(10107,	'2024-03-01',	'00:28',	1,	1,	1,	3,	'4,9',	6,	85,	'0'),
(10108,	'2024-03-01',	'00:28',	1,	1,	1,	3,	'4,9',	249,	85,	'0'),
(10109,	'2024-03-01',	'00:28',	1,	1,	1,	3,	'4,9',	254,	85,	'0'),
(10110,	'2024-03-01',	'00:28',	1,	1,	1,	3,	'4,9',	222,	85,	'0'),
(10111,	'2024-03-01',	'00:28',	1,	1,	1,	3,	'4,9',	228,	85,	'0'),
(10112,	'2024-03-01',	'00:58',	1,	1,	1,	3,	'9,13',	227,	85,	'0'),
(10113,	'2024-03-01',	'00:58',	1,	1,	1,	3,	'9,13',	233,	85,	'0'),
(10114,	'2024-03-01',	'00:58',	1,	1,	1,	3,	'9,13',	258,	85,	'0'),
(10115,	'2024-03-01',	'00:58',	1,	1,	1,	3,	'9,13',	216,	85,	'0'),
(10116,	'2024-03-01',	'00:58',	1,	1,	1,	3,	'9,13',	218,	85,	'0'),
(10117,	'2024-03-01',	'00:58',	1,	1,	1,	3,	'9,13',	277,	85,	'0'),
(10118,	'2024-03-01',	'00:58',	1,	1,	1,	3,	'9,13',	267,	85,	'0'),
(10119,	'2024-03-01',	'00:58',	1,	1,	1,	3,	'9,13',	256,	85,	'0'),
(10120,	'2024-03-01',	'00:58',	1,	1,	1,	3,	'9,13',	4,	85,	'0'),
(10121,	'2024-03-01',	'00:58',	1,	1,	1,	3,	'9,13',	265,	85,	'0'),
(10122,	'2024-03-01',	'00:58',	1,	1,	1,	3,	'9,13',	210,	85,	'0'),
(10123,	'2024-03-01',	'00:58',	1,	1,	1,	3,	'9,13',	85,	85,	'0'),
(10124,	'2024-03-01',	'00:58',	1,	1,	1,	3,	'9,13',	30,	85,	'0'),
(10125,	'2024-03-01',	'00:58',	1,	1,	1,	3,	'9,13',	2,	85,	'0'),
(10126,	'2024-03-01',	'00:58',	1,	1,	1,	3,	'9,13',	28,	85,	'0'),
(10127,	'2024-03-01',	'00:58',	1,	1,	1,	3,	'9,13',	273,	85,	'0'),
(10128,	'2024-03-01',	'00:58',	1,	1,	1,	3,	'9,13',	27,	85,	'0'),
(10129,	'2024-03-01',	'11:40',	1,	1,	1,	2,	'8,12',	227,	39,	'0'),
(10130,	'2024-03-01',	'11:40',	1,	1,	1,	2,	'8,12',	233,	39,	'0'),
(10131,	'2024-03-01',	'11:40',	1,	1,	1,	2,	'8,12',	258,	39,	'0'),
(10132,	'2024-03-01',	'11:40',	1,	1,	1,	2,	'8,12',	216,	39,	'0'),
(10133,	'2024-03-01',	'11:40',	1,	1,	1,	2,	'8,12',	218,	39,	'0'),
(10134,	'2024-03-01',	'11:40',	1,	1,	1,	2,	'8,12',	277,	39,	'0'),
(10135,	'2024-03-01',	'11:40',	1,	1,	1,	2,	'8,12',	267,	39,	'0'),
(10136,	'2024-03-01',	'11:40',	1,	1,	1,	2,	'8,12',	256,	39,	'0'),
(10137,	'2024-03-01',	'11:40',	1,	1,	1,	2,	'8,12',	4,	39,	'0'),
(10138,	'2024-03-01',	'11:40',	1,	1,	1,	2,	'8,12',	265,	39,	'0'),
(10139,	'2024-03-01',	'11:40',	1,	1,	1,	2,	'8,12',	210,	39,	'0'),
(10140,	'2024-03-01',	'11:40',	1,	1,	1,	2,	'8,12',	85,	39,	'0'),
(10141,	'2024-03-01',	'11:40',	1,	1,	1,	2,	'8,12',	320,	39,	'0'),
(10142,	'2024-03-01',	'11:40',	1,	1,	1,	2,	'8,12',	30,	39,	'0'),
(10143,	'2024-03-01',	'11:40',	1,	1,	1,	2,	'8,12',	2,	39,	'0'),
(10144,	'2024-03-01',	'11:40',	1,	1,	1,	2,	'8,12',	28,	39,	'0'),
(10145,	'2024-03-01',	'11:40',	1,	1,	1,	2,	'8,12',	273,	39,	'0'),
(10146,	'2024-03-01',	'12:01',	1,	1,	1,	1,	'11,16,20',	27,	39,	'0'),
(10147,	'2024-03-01',	'12:01',	1,	1,	1,	1,	'11,16,20',	6,	39,	'0'),
(10148,	'2024-03-01',	'12:01',	1,	1,	1,	1,	'11,16,20',	249,	39,	'0'),
(10149,	'2024-03-01',	'12:01',	1,	1,	1,	1,	'11,16,20',	254,	39,	'0'),
(10150,	'2024-03-01',	'12:01',	1,	1,	1,	1,	'11,16,20',	222,	39,	'0'),
(10151,	'2024-03-01',	'12:01',	1,	1,	1,	1,	'11,16,20',	228,	39,	'0'),
(10152,	'2024-03-01',	'12:01',	1,	1,	1,	1,	'11,16,20',	278,	39,	'0'),
(10153,	'2024-03-01',	'12:01',	1,	1,	1,	1,	'11,16,20',	126,	39,	'0'),
(10154,	'2024-03-01',	'12:01',	1,	1,	1,	1,	'11,16,20',	211,	39,	'0'),
(10155,	'2024-03-01',	'12:01',	1,	1,	1,	1,	'11,16,20',	253,	39,	'0'),
(10156,	'2024-03-01',	'12:01',	1,	1,	1,	1,	'11,16,20',	281,	39,	'0'),
(10157,	'2024-03-01',	'12:01',	1,	1,	1,	1,	'11,16,20',	248,	39,	'0'),
(10158,	'2024-03-01',	'12:01',	1,	1,	1,	1,	'11,16,20',	245,	39,	'0'),
(10159,	'2024-03-01',	'12:01',	1,	1,	1,	1,	'11,16,20',	187,	39,	'0'),
(10160,	'2024-03-01',	'12:01',	1,	1,	1,	1,	'11,16,20',	279,	39,	'0'),
(10161,	'2024-03-01',	'12:01',	1,	1,	1,	1,	'11,16,20',	270,	39,	'0'),
(10162,	'2024-03-01',	'12:01',	1,	1,	1,	1,	'11,16,20',	157,	39,	'0'),
(10163,	'2024-03-01',	'12:01',	1,	1,	1,	1,	'11,16,20',	271,	39,	'0'),
(10164,	'2024-03-01',	'12:01',	1,	1,	1,	1,	'11,16,20',	284,	39,	'0'),
(10165,	'2024-03-01',	'12:01',	1,	1,	1,	1,	'11,16,20',	247,	39,	'0'),
(10166,	'2024-03-01',	'12:01',	1,	1,	1,	1,	'11,16,20',	262,	39,	'0'),
(10167,	'2024-03-01',	'12:01',	1,	1,	1,	1,	'11,16,20',	246,	39,	'0'),
(10168,	'2024-03-01',	'12:01',	1,	1,	1,	1,	'11,16,20',	257,	39,	'0'),
(10169,	'2024-03-01',	'12:01',	1,	1,	1,	1,	'11,16,20',	226,	39,	'0'),
(10170,	'2024-03-01',	'12:01',	1,	1,	1,	1,	'11,16,20',	213,	39,	'0'),
(10171,	'2024-03-01',	'12:01',	1,	1,	1,	1,	'11,16,20',	189,	39,	'0'),
(10172,	'2024-03-01',	'12:01',	1,	1,	1,	1,	'11,16,20',	221,	39,	'0'),
(10173,	'2024-03-01',	'12:01',	1,	1,	1,	1,	'11,16,20',	186,	39,	'0'),
(10174,	'2024-03-01',	'12:01',	1,	1,	1,	1,	'11,16,20',	241,	39,	'0'),
(10175,	'2024-03-01',	'12:01',	1,	1,	1,	1,	'11,16,20',	65,	39,	'0'),
(10176,	'2024-03-01',	'12:01',	1,	1,	1,	1,	'11,16,20',	72,	39,	'0'),
(10177,	'2024-03-01',	'12:54',	1,	26,	1,	4,	'5,14',	227,	85,	'0'),
(10178,	'2024-03-01',	'12:54',	1,	26,	1,	4,	'5,14',	233,	85,	'0'),
(10179,	'2024-03-01',	'12:54',	1,	26,	1,	4,	'5,14',	258,	85,	'0'),
(10180,	'2024-03-01',	'12:54',	1,	26,	1,	4,	'5,14',	216,	85,	'0'),
(10181,	'2024-03-01',	'12:54',	1,	26,	1,	4,	'5,14',	218,	85,	'0'),
(10182,	'2024-03-01',	'12:54',	1,	26,	1,	4,	'5,14',	277,	85,	'0'),
(10183,	'2024-03-01',	'12:54',	1,	26,	1,	4,	'5,14',	267,	85,	'0'),
(10184,	'2024-03-01',	'12:54',	1,	26,	1,	4,	'5,14',	256,	85,	'0'),
(10185,	'2024-03-01',	'12:54',	1,	26,	1,	4,	'5,14',	4,	85,	'0'),
(10186,	'2024-03-01',	'12:54',	1,	26,	1,	4,	'5,14',	265,	85,	'0'),
(10187,	'2024-03-01',	'12:54',	1,	26,	1,	4,	'5,14',	210,	85,	'0'),
(10188,	'2024-03-01',	'12:54',	1,	26,	1,	4,	'5,14',	85,	85,	'0'),
(10189,	'2024-03-01',	'12:54',	1,	26,	1,	4,	'5,14',	320,	85,	'0'),
(10190,	'2024-03-01',	'12:54',	1,	26,	1,	4,	'5,14',	30,	85,	'0'),
(10191,	'2024-03-01',	'12:54',	1,	26,	1,	4,	'5,14',	2,	85,	'0'),
(10192,	'2024-03-01',	'12:54',	1,	26,	1,	4,	'5,14',	28,	85,	'0'),
(10193,	'2024-03-01',	'12:54',	1,	26,	1,	4,	'5,14',	273,	85,	'0'),
(10194,	'2024-03-01',	'12:54',	1,	26,	1,	4,	'5,14',	27,	85,	'0'),
(10195,	'2024-03-01',	'12:54',	1,	26,	1,	4,	'5,14',	6,	85,	'0'),
(10196,	'2024-03-01',	'12:54',	1,	26,	1,	4,	'5,14',	249,	85,	'0'),
(10197,	'2024-03-01',	'12:54',	1,	26,	1,	4,	'5,14',	254,	85,	'0'),
(10198,	'2024-03-01',	'12:54',	1,	26,	1,	4,	'5,14',	222,	85,	'0'),
(10199,	'2024-03-01',	'12:54',	1,	26,	1,	4,	'5,14',	228,	85,	'0'),
(10200,	'2024-03-01',	'12:54',	1,	26,	1,	4,	'5,14',	278,	85,	'0'),
(10201,	'2024-03-01',	'12:54',	1,	26,	1,	4,	'5,14',	126,	85,	'0'),
(10202,	'2024-03-01',	'12:54',	1,	26,	1,	4,	'5,14',	211,	85,	'0'),
(10203,	'2024-03-01',	'12:54',	1,	26,	1,	4,	'5,14',	253,	85,	'0'),
(10204,	'2024-03-01',	'12:54',	1,	26,	1,	4,	'5,14',	281,	85,	'0'),
(10205,	'2024-03-01',	'12:54',	1,	26,	1,	4,	'5,14',	248,	85,	'0'),
(10206,	'2024-03-01',	'12:54',	1,	26,	1,	4,	'5,14',	279,	85,	'0'),
(10207,	'2024-03-01',	'12:54',	1,	26,	1,	4,	'5,14',	187,	85,	'0'),
(10208,	'2024-03-01',	'12:54',	1,	26,	1,	4,	'5,14',	245,	85,	'0'),
(10209,	'2024-03-01',	'12:54',	1,	26,	1,	4,	'5,14',	271,	85,	'0'),
(10210,	'2024-03-01',	'12:54',	1,	26,	1,	4,	'5,14',	270,	85,	'0'),
(10211,	'2024-03-01',	'12:54',	1,	26,	1,	4,	'5,14',	157,	85,	'0'),
(10212,	'2024-03-01',	'12:54',	1,	26,	1,	4,	'5,14',	284,	85,	'0'),
(10213,	'2024-03-01',	'12:54',	1,	26,	1,	4,	'5,14',	247,	85,	'0'),
(10214,	'2024-03-01',	'12:54',	1,	26,	1,	4,	'5,14',	262,	85,	'0'),
(10215,	'2024-03-01',	'12:54',	1,	26,	1,	4,	'5,14',	246,	85,	'0'),
(10216,	'2024-03-01',	'12:54',	1,	26,	1,	4,	'5,14',	257,	85,	'0'),
(10217,	'2024-03-01',	'12:54',	1,	26,	1,	4,	'5,14',	226,	85,	'0'),
(10218,	'2024-03-01',	'12:54',	1,	26,	1,	4,	'5,14',	213,	85,	'0'),
(10219,	'2024-03-01',	'12:54',	1,	26,	1,	4,	'5,14',	189,	85,	'0'),
(10220,	'2024-03-01',	'12:54',	1,	26,	1,	4,	'5,14',	221,	85,	'0'),
(10221,	'2024-03-01',	'12:54',	1,	26,	1,	4,	'5,14',	186,	85,	'0'),
(10222,	'2024-03-01',	'12:54',	1,	26,	1,	4,	'5,14',	241,	85,	'0'),
(10223,	'2024-03-01',	'12:54',	1,	26,	1,	4,	'5,14',	65,	85,	'0'),
(10224,	'2024-03-01',	'12:54',	1,	26,	1,	4,	'5,14',	72,	85,	'0'),
(10225,	'2024-03-01',	'12:54',	1,	26,	1,	4,	'5,14',	35,	85,	'0'),
(10226,	'2024-03-01',	'12:54',	1,	26,	1,	4,	'5,14',	159,	85,	'0'),
(10227,	'2024-03-01',	'12:54',	1,	26,	1,	4,	'5,14',	234,	85,	'0'),
(10228,	'2024-03-01',	'12:54',	1,	26,	1,	4,	'5,14',	70,	85,	'0'),
(10229,	'2024-03-01',	'12:54',	1,	26,	1,	4,	'5,14',	268,	85,	'0'),
(10230,	'2024-03-01',	'12:54',	1,	26,	1,	4,	'5,14',	188,	85,	'0'),
(10231,	'2024-03-01',	'12:54',	1,	26,	1,	4,	'5,14',	212,	85,	'0'),
(10232,	'2024-03-01',	'12:54',	1,	26,	1,	4,	'5,14',	135,	85,	'0'),
(10233,	'2024-03-01',	'12:54',	1,	26,	1,	4,	'5,14',	64,	85,	'0'),
(10234,	'2024-03-01',	'12:54',	1,	26,	1,	4,	'5,14',	69,	85,	'0'),
(10235,	'2024-03-01',	'12:54',	1,	26,	1,	4,	'5,14',	78,	85,	'0'),
(10236,	'2024-03-01',	'12:54',	1,	26,	1,	4,	'5,14',	203,	85,	'0'),
(10237,	'2024-03-01',	'12:54',	1,	26,	1,	4,	'5,14',	3,	85,	'0');

DROP TABLE IF EXISTS `z_tabla_pm`;
CREATE TABLE `z_tabla_pm` (
  `id` int NOT NULL AUTO_INCREMENT,
  `numero_registro` varchar(20) COLLATE utf8mb3_spanish2_ci NOT NULL,
  `fecha` varchar(10) COLLATE utf8mb3_spanish2_ci NOT NULL,
  `finca` int NOT NULL,
  `responsable` int NOT NULL,
  `trabajador` int NOT NULL,
  `cantidad` decimal(7,3) NOT NULL,
  `comentario` varchar(255) COLLATE utf8mb3_spanish2_ci DEFAULT NULL,
  `cultivo` int NOT NULL,
  `hora_cierre` varchar(5) COLLATE utf8mb3_spanish2_ci NOT NULL,
  `hora_inicio` varchar(5) COLLATE utf8mb3_spanish2_ci NOT NULL,
  `lote` int NOT NULL,
  `modulo` varchar(50) COLLATE utf8mb3_spanish2_ci NOT NULL,
  `subtarea` int NOT NULL,
  `fecha_registro` datetime NOT NULL,
  PRIMARY KEY (`id`),
  KEY `FK_TRABAJADOR` (`id`)
) ENGINE=InnoDB DEFAULT CHARSET=utf8mb3 COLLATE=utf8mb3_spanish2_ci;

INSERT INTO `z_tabla_pm` (`id`, `numero_registro`, `fecha`, `finca`, `responsable`, `trabajador`, `cantidad`, `comentario`, `cultivo`, `hora_cierre`, `hora_inicio`, `lote`, `modulo`, `subtarea`, `fecha_registro`) VALUES
(9632,	'PM-1701888867',	'2023-12-06',	1,	1,	233,	12.000,	'null',	1,	'16:00',	'07:00',	2,	'3',	85,	'2023-12-06 13:54:27'),
(9633,	'PM-1701890441',	'2023-12-06',	1,	1,	227,	0.000,	'Enfermo',	1,	'16:00',	'07:00',	5,	'1,6,37',	85,	'2023-12-06 14:20:41'),
(9634,	'PM-1701916129',	'2023-12-06',	1,	1,	258,	25.000,	'',	1,	'16:00',	'07:00',	2,	'3',	77,	'2023-12-06 21:28:49'),
(9635,	'PM-1701919078',	'2023-12-06',	1,	1,	216,	0.000,	'',	1,	'16:00',	'07:00',	2,	'3',	77,	'2023-12-06 22:17:58'),
(9636,	'PM-1701964885',	'2023-12-07',	2,	285,	321,	96.000,	'',	1,	'16:00',	'07:00',	18,	'45',	89,	'2023-12-07 11:01:25'),
(9637,	'PM-1701965032',	'2023-12-07',	1,	1,	233,	8.000,	'',	1,	'16:00',	'07:00',	2,	'21,25',	77,	'2023-12-07 11:03:52'),
(9638,	'PM-1701965717',	'2023-12-07',	1,	1,	233,	80.000,	'',	1,	'16:00',	'07:00',	3,	'4',	13,	'2023-12-07 11:15:17'),
(9639,	'PM-1701967010',	'2023-12-07',	1,	1,	233,	12.000,	'',	1,	'16:00',	'07:00',	1,	'11,16',	85,	'2023-12-07 11:36:50'),
(9640,	'PM-1707154764',	'2024-02-05',	1,	1,	227,	56.000,	'',	1,	'16:00',	'07:00',	1,	'7,11,16',	85,	'2024-02-05 12:39:24'),
(9641,	'PM-1707157067',	'2024-02-05',	1,	1,	258,	25.000,	'',	1,	'16:00',	'07:00',	2,	'8,12',	85,	'2024-02-05 13:17:47'),
(9642,	'PM-1707158133',	'2024-02-05',	1,	1,	233,	25.000,	'',	1,	'16:00',	'07:00',	1,	'7,11,16',	85,	'2024-02-05 13:35:33'),
(9643,	'PM-1707161639',	'2024-02-05',	1,	1,	233,	56.000,	'',	1,	'16:00',	'07:00',	3,	'51,9',	85,	'2024-02-05 14:33:59'),
(9644,	'PM-1707190654',	'2024-02-06',	1,	26,	233,	334.000,	'',	1,	'16:00',	'07:00',	4,	'5',	16,	'2024-02-05 22:37:34'),
(9645,	'PM-1707194120',	'2024-02-05',	1,	1,	233,	45.000,	'',	1,	'16:00',	'07:00',	2,	'3,12',	85,	'2024-02-05 23:35:20'),
(9646,	'PM-1707201266',	'2024-02-06',	1,	1,	277,	89.000,	'',	1,	'16:00',	'07:00',	3,	'51,4',	77,	'2024-02-06 01:34:26'),
(9647,	'PM-1707236799',	'2024-02-06',	1,	1,	216,	34.000,	'',	1,	'16:00',	'07:00',	1,	'11',	64,	'2024-02-06 11:26:39'),
(9648,	'PM-1707241295',	'2024-02-05',	1,	1,	233,	56.000,	'',	4,	'16:00',	'07:00',	2,	'3,8',	77,	'2024-02-06 12:41:35'),
(9649,	'PM-1707282107',	'2024-02-06',	1,	1,	216,	56.000,	'',	1,	'16:00',	'07:00',	2,	'12',	85,	'2024-02-07 00:01:47'),
(9650,	'PM-1707286367',	'2024-02-06',	1,	1,	258,	45.000,	'',	1,	'16:00',	'07:00',	3,	'9',	85,	'2024-02-07 01:12:47'),
(9651,	'PM-1707287806',	'2024-02-06',	1,	1,	258,	96.000,	'',	1,	'16:00',	'07:00',	4,	'5',	85,	'2024-02-07 01:36:46'),
(9652,	'PM-1707288530',	'2024-02-06',	1,	1,	227,	56.000,	'',	1,	'16:00',	'07:00',	2,	'8',	85,	'2024-02-07 01:48:50'),
(9653,	'PM-1707327614',	'2024-02-06',	1,	1,	227,	56.000,	'',	1,	'16:00',	'07:00',	2,	'8,17',	85,	'2024-02-07 12:40:14'),
(9654,	'PM-1707333820',	'2024-02-06',	1,	1,	233,	45.000,	'',	1,	'16:00',	'07:00',	3,	'4,9',	85,	'2024-02-07 14:23:40'),
(9655,	'PM-1707345363',	'2024-02-07',	1,	1,	227,	5.000,	'',	1,	'16:00',	'07:00',	1,	'16',	66,	'2024-02-07 17:36:03');

DROP TABLE IF EXISTS `z_tarea`;
CREATE TABLE `z_tarea` (
  `id` int NOT NULL AUTO_INCREMENT,
  `nombre` varchar(150) COLLATE utf8mb3_spanish2_ci NOT NULL,
  `cultivos_id` int NOT NULL,
  `estado` varchar(1) COLLATE utf8mb3_spanish2_ci NOT NULL,
  PRIMARY KEY (`id`)
) ENGINE=InnoDB DEFAULT CHARSET=utf8mb3 COLLATE=utf8mb3_spanish2_ci;

INSERT INTO `z_tarea` (`id`, `nombre`, `cultivos_id`, `estado`) VALUES
(1,	'Control De Malezas',	1,	'A'),
(2,	'Varios',	1,	'A'),
(3,	'Riego',	1,	'A'),
(4,	'Plagas',	1,	'A'),
(5,	'Cosecha',	1,	'A'),
(6,	'Poscosecha cacao',	1,	'A'),
(7,	'Vacaciones',	1,	'A'),
(8,	'Administración',	1,	'A'),
(9,	'Fertilizacion',	1,	'A'),
(10,	'Apuntalado',	1,	'A'),
(11,	'Labores de platano',	2,	'A'),
(12,	'Resiembra',	1,	'A');

SET NAMES utf8mb4;

DROP TABLE IF EXISTS `z_tarifas_historia`;
CREATE TABLE `z_tarifas_historia` (
  `id` int NOT NULL AUTO_INCREMENT,
  `fecha_cambio` datetime NOT NULL,
  `tarifa_actual` decimal(8,2) NOT NULL,
  `usuario` varchar(20) COLLATE utf8mb4_general_ci NOT NULL,
  `documento_soporte` varchar(255) COLLATE utf8mb4_general_ci NOT NULL,
  `comentarios_cambio` text COLLATE utf8mb4_general_ci NOT NULL,
  `subtarea_id` int NOT NULL,
  `tipo_pago_id` int NOT NULL,
  `tarea_id` int NOT NULL,
  `unidad_labor_id` int NOT NULL,
  PRIMARY KEY (`id`)
) ENGINE=InnoDB DEFAULT CHARSET=utf8mb4 COLLATE=utf8mb4_general_ci;

INSERT INTO `z_tarifas_historia` (`id`, `fecha_cambio`, `tarifa_actual`, `usuario`, `documento_soporte`, `comentarios_cambio`, `subtarea_id`, `tipo_pago_id`, `tarea_id`, `unidad_labor_id`) VALUES
(59,	'2021-04-21 08:09:42',	0.03,	'administrador',	'',	'',	12,	0,	0,	6),
(60,	'2021-04-21 08:11:29',	0.06,	'administrador',	'',	'',	81,	0,	0,	4),
(61,	'2021-04-21 08:11:32',	0.06,	'administrador',	'',	'',	81,	0,	0,	4),
(62,	'2021-04-23 13:50:55',	0.06,	'administrador',	'',	'',	81,	0,	0,	4),
(63,	'2021-04-27 10:50:16',	0.03,	'administrador',	'',	'',	86,	3,	2,	3),
(64,	'2021-04-27 10:50:56',	0.00,	'administrador',	'',	'',	63,	2,	4,	2),
(65,	'2021-04-28 08:50:57',	0.03,	'administrador',	'',	'',	12,	0,	0,	6),
(66,	'2021-04-29 08:51:34',	17.00,	'administrador',	'',	'',	39,	0,	0,	2),
(67,	'2021-04-29 08:52:04',	18.00,	'administrador',	'',	'',	29,	0,	0,	2),
(68,	'2021-04-29 08:52:28',	0.00,	'administrador',	'',	'',	18,	2,	4,	5),
(69,	'2021-04-29 08:56:33',	0.00,	'administrador',	'',	'',	49,	2,	4,	5),
(70,	'2021-04-29 08:57:00',	17.00,	'administrador',	'',	'',	26,	0,	0,	2),
(71,	'2021-04-29 08:57:35',	17.00,	'administrador',	'',	'',	30,	0,	0,	2),
(72,	'2021-04-29 08:58:02',	17.00,	'administrador',	'',	'',	52,	0,	0,	2),
(73,	'2021-04-29 08:58:37',	15.00,	'administrador',	'',	'',	44,	0,	0,	1),
(74,	'2021-04-29 08:59:00',	0.05,	'administrador',	'',	'',	59,	0,	0,	8),
(75,	'2021-04-29 08:59:26',	17.00,	'administrador',	'',	'',	72,	0,	0,	2),
(76,	'2021-04-29 08:59:55',	0.00,	'administrador',	'',	'',	78,	0,	0,	5),
(77,	'2021-04-29 09:00:26',	17.00,	'administrador',	'',	'',	33,	0,	0,	2),
(78,	'2021-04-29 09:00:44',	17.00,	'administrador',	'',	'',	32,	0,	0,	2),
(79,	'2021-04-29 09:01:07',	-26.36,	'administrador',	'',	'',	58,	0,	0,	2),
(80,	'2021-04-29 09:01:27',	-17.00,	'administrador',	'',	'',	56,	0,	0,	2),
(81,	'2021-04-29 09:02:01',	-17.00,	'administrador',	'',	'',	57,	0,	0,	2),
(82,	'2021-04-29 09:02:18',	17.00,	'administrador',	'',	'',	22,	0,	0,	2),
(83,	'2021-04-29 09:02:47',	20.00,	'administrador',	'',	'',	5,	0,	0,	2),
(84,	'2021-04-29 09:03:13',	27.27,	'administrador',	'',	'',	8,	0,	0,	2),
(85,	'2021-04-29 09:03:42',	20.00,	'administrador',	'',	'',	17,	0,	0,	2),
(86,	'2021-04-29 09:04:03',	17.00,	'administrador',	'',	'',	61,	0,	0,	2),
(87,	'2021-04-29 09:04:31',	16.00,	'administrador',	'',	'',	73,	0,	0,	1),
(88,	'2021-04-29 09:05:45',	17.00,	'administrador',	'',	'',	51,	0,	0,	2),
(89,	'2021-04-29 09:06:10',	40.00,	'administrador',	'',	'',	71,	0,	0,	1),
(90,	'2021-04-29 09:06:33',	26.15,	'administrador',	'',	'',	11,	0,	0,	1),
(91,	'2021-04-29 09:07:35',	0.18,	'administrador',	'',	'',	79,	0,	0,	5),
(92,	'2021-04-29 09:12:35',	0.00,	'administrador',	'',	'',	63,	2,	4,	2),
(93,	'2021-05-05 09:20:14',	17.00,	'administrador',	'',	'',	55,	2,	4,	2),
(94,	'2021-05-05 09:25:15',	4.49,	'administrador',	'',	'',	27,	0,	0,	1),
(95,	'2021-05-05 09:39:44',	8.00,	'administrador',	'',	'',	76,	0,	0,	1),
(96,	'2021-05-10 09:14:38',	17.00,	'administrador',	'',	'',	64,	2,	4,	2),
(97,	'2021-05-10 09:15:04',	17.00,	'administrador',	'',	'',	64,	2,	4,	2),
(98,	'2021-05-10 09:22:56',	6.00,	'administrador',	'',	'',	82,	0,	0,	1),
(99,	'2021-05-11 15:13:25',	0.04,	'administrador',	'',	'',	85,	0,	0,	4),
(100,	'2021-06-09 09:49:30',	17.00,	'administrador',	'',	'',	87,	2,	6,	2),
(101,	'2021-06-09 09:56:56',	17.00,	'administrador',	'',	'',	87,	2,	6,	2),
(102,	'2021-06-09 13:02:34',	17.00,	'administrador',	'',	'',	87,	2,	6,	2),
(103,	'2021-06-16 09:04:07',	20.00,	'administrador',	'',	'',	87,	2,	6,	2),
(104,	'2021-06-22 09:59:16',	36.36,	'administrador',	'',	'',	8,	0,	0,	2),
(105,	'2021-06-22 10:00:10',	36.36,	'administrador',	'',	'',	6,	2,	0,	2),
(106,	'2021-06-25 08:02:59',	17.00,	'administrador',	'',	'',	22,	2,	0,	2),
(107,	'2021-06-28 11:37:51',	25.00,	'administrador',	'',	'',	3,	2,	4,	2),
(108,	'2021-07-12 08:17:33',	17.00,	'administrador',	'',	'',	49,	2,	4,	2),
(109,	'2021-08-03 12:11:53',	0.00,	'administrador',	'',	'',	2,	2,	4,	5),
(110,	'2021-08-03 15:26:13',	4.49,	'administrador',	'',	'',	27,	0,	0,	1),
(111,	'2021-08-03 15:27:29',	4.49,	'administrador',	'',	'',	27,	0,	4,	1),
(112,	'2021-08-03 15:30:02',	0.04,	'administrador',	'',	'',	85,	0,	5,	4),
(113,	'2021-08-03 15:30:25',	0.06,	'administrador',	'',	'',	81,	0,	5,	4),
(114,	'2021-08-03 15:33:45',	17.00,	'administrador',	'',	'',	61,	0,	3,	2),
(115,	'2021-08-03 15:34:39',	20.00,	'administrador',	'',	'',	17,	0,	3,	2),
(116,	'2021-08-03 15:44:04',	16.00,	'administrador',	'',	'',	73,	0,	1,	1),
(117,	'2021-08-03 15:50:57',	8.00,	'administrador',	'',	'',	23,	0,	4,	1),
(118,	'2021-08-03 15:54:04',	0.03,	'administrador',	'',	'',	12,	0,	1,	6),
(119,	'2021-08-03 15:55:48',	-26.36,	'administrador',	'',	'',	58,	0,	2,	2),
(120,	'2021-08-03 15:59:03',	-17.00,	'administrador',	'',	'',	56,	0,	2,	2),
(121,	'2021-08-03 16:03:17',	0.00,	'administrador',	'',	'',	63,	2,	7,	2),
(122,	'2021-08-03 16:04:07',	17.00,	'administrador',	'',	'',	52,	0,	1,	2),
(123,	'2021-08-03 16:04:58',	17.00,	'administrador',	'',	'',	22,	2,	2,	2),
(124,	'2021-08-03 16:07:16',	36.36,	'administrador',	'',	'',	8,	0,	2,	2),
(125,	'2021-08-03 16:10:25',	18.00,	'administrador',	'',	'',	29,	0,	8,	2),
(126,	'2021-08-05 10:55:20',	17.00,	'administrador',	'',	'',	26,	2,	2,	2),
(127,	'2021-08-17 09:55:25',	6.00,	'administrador',	'',	'',	82,	0,	0,	1),
(128,	'2021-08-17 09:56:25',	6.00,	'administrador',	'',	'',	82,	0,	9,	1),
(129,	'2021-08-17 09:57:03',	8.00,	'administrador',	'',	'',	16,	0,	9,	1),
(130,	'2021-08-17 10:17:59',	17.00,	'administrador',	'',	'',	50,	0,	1,	2),
(131,	'2021-08-17 10:22:24',	17.00,	'administrador',	'',	'',	39,	2,	10,	2),
(132,	'2021-08-17 10:58:19',	0.03,	'administrador',	'',	'',	86,	3,	5,	3),
(133,	'2021-08-17 11:05:31',	17.00,	'administrador',	'',	'',	67,	2,	11,	2),
(134,	'2021-08-17 11:54:21',	17.00,	'administrador',	'',	'',	55,	2,	12,	2),
(135,	'2021-08-23 09:36:02',	8.00,	'administrador',	'',	'',	76,	0,	4,	1),
(136,	'2021-08-24 08:00:25',	18.00,	'administrador',	'',	'',	87,	2,	6,	2),
(137,	'2021-09-17 12:49:53',	17.00,	'administrador',	'',	'',	51,	2,	2,	2),
(138,	'2021-11-08 17:46:52',	0.04,	'administrador',	'',	'',	89,	3,	5,	4),
(139,	'2021-11-08 17:47:21',	17.00,	'administrador',	'',	'',	91,	2,	2,	2),
(140,	'2021-11-08 17:48:06',	20.00,	'administrador',	'',	'',	90,	2,	3,	2),
(141,	'2021-11-08 18:58:13',	0.04,	'administrador',	'',	'',	89,	3,	5,	4),
(142,	'2021-11-15 10:52:47',	0.03,	'administrador',	'',	'',	53,	0,	0,	6);

DROP TABLE IF EXISTS `z_tipo_pago`;
CREATE TABLE `z_tipo_pago` (
  `id` int NOT NULL AUTO_INCREMENT,
  `descripcion` varchar(100) COLLATE utf8mb3_spanish2_ci NOT NULL,
  PRIMARY KEY (`id`)
) ENGINE=InnoDB DEFAULT CHARSET=utf8mb3 COLLATE=utf8mb3_spanish2_ci;

INSERT INTO `z_tipo_pago` (`id`, `descripcion`) VALUES
(1,	'Area Ejecutada'),
(2,	'Jornal'),
(3,	'Avance de Labor');

DROP TABLE IF EXISTS `z_ulabor`;
CREATE TABLE `z_ulabor` (
  `id` int NOT NULL AUTO_INCREMENT,
  `ulabor_nombre` varchar(100) COLLATE utf8mb3_spanish2_ci NOT NULL,
  PRIMARY KEY (`id`)
) ENGINE=InnoDB DEFAULT CHARSET=utf8mb3 COLLATE=utf8mb3_spanish2_ci;

INSERT INTO `z_ulabor` (`id`, `ulabor_nombre`) VALUES
(1,	'Ha'),
(2,	'Jornal'),
(3,	'Kg'),
(4,	'Libra'),
(5,	'Metro'),
(6,	'Planta'),
(7,	'Tanques'),
(8,	'Tallo');

DROP TABLE IF EXISTS `z_unidades`;
CREATE TABLE `z_unidades` (
  `id` int NOT NULL AUTO_INCREMENT,
  `nombre` varchar(150) COLLATE utf8mb3_spanish2_ci NOT NULL,
  `estado` varchar(1) COLLATE utf8mb3_spanish2_ci NOT NULL,
  PRIMARY KEY (`id`)
) ENGINE=InnoDB DEFAULT CHARSET=utf8mb3 COLLATE=utf8mb3_spanish2_ci;


-- 2024-04-12 04:15:11
